-- phpMyAdmin SQL Dump
-- version 4.1.12
-- http://www.phpmyadmin.net
--
-- Servidor: 127.0.0.1
-- Tiempo de generación: 20-05-2014 a las 14:57:01
-- Versión del servidor: 5.6.16
-- Versión de PHP: 5.5.11

SET SQL_MODE = "NO_AUTO_VALUE_ON_ZERO";
SET time_zone = "+00:00";


/*!40101 SET @OLD_CHARACTER_SET_CLIENT=@@CHARACTER_SET_CLIENT */;
/*!40101 SET @OLD_CHARACTER_SET_RESULTS=@@CHARACTER_SET_RESULTS */;
/*!40101 SET @OLD_COLLATION_CONNECTION=@@COLLATION_CONNECTION */;
/*!40101 SET NAMES utf8 */;

--
-- Base de datos: `salasdb`
--

-- --------------------------------------------------------

--
-- Estructura de tabla para la tabla `edificio`
--

CREATE TABLE IF NOT EXISTS `edificio` (
  `idEdificio` int(11) NOT NULL AUTO_INCREMENT,
  `edfNombre` varchar(30) COLLATE utf8_bin NOT NULL,
  `usrCorreo` varchar(60) COLLATE utf8_bin NOT NULL,
  PRIMARY KEY (`idEdificio`)
) ENGINE=InnoDB  DEFAULT CHARSET=utf8 COLLATE=utf8_bin AUTO_INCREMENT=2 ;

--
-- Volcado de datos para la tabla `edificio`
--

INSERT INTO `edificio` (`idEdificio`, `edfNombre`, `usrCorreo`) VALUES
(1, 'UGTI', 'moronguis22@utpl.edu.ec');

-- --------------------------------------------------------

--
-- Estructura de tabla para la tabla `reserva`
--

CREATE TABLE IF NOT EXISTS `reserva` (
  `idReserva` int(11) NOT NULL AUTO_INCREMENT,
  `resEvento` varchar(30) COLLATE utf8_bin NOT NULL,
  `resResponsable` varchar(60) COLLATE utf8_bin NOT NULL,
  `resExtension` varchar(10) COLLATE utf8_bin NOT NULL,
  `resUnidad` varchar(30) COLLATE utf8_bin NOT NULL,
  `resFecha` varchar(10) COLLATE utf8_bin NOT NULL,
  `resH` varchar(2) COLLATE utf8_bin NOT NULL,
  `resM` varchar(2) COLLATE utf8_bin NOT NULL,
  `resDurH` varchar(2) COLLATE utf8_bin NOT NULL,
  `resDurM` varchar(2) COLLATE utf8_bin NOT NULL,
  `resAllDay` tinyint(1) NOT NULL,
  `idEdificio` int(11) NOT NULL,
  `idSalas` int(11) NOT NULL,
  `resTipo` varchar(15) COLLATE utf8_bin NOT NULL,
  `idRepeticion` int(11) NOT NULL,
  PRIMARY KEY (`idReserva`)
) ENGINE=InnoDB  DEFAULT CHARSET=utf8 COLLATE=utf8_bin AUTO_INCREMENT=3266 ;

--
-- Volcado de datos para la tabla `reserva`
--

INSERT INTO `reserva` (`idReserva`, `resEvento`, `resResponsable`, `resExtension`, `resUnidad`, `resFecha`, `resH`, `resM`, `resDurH`, `resDurM`, `resAllDay`, `idEdificio`, `idSalas`, `resTipo`, `idRepeticion`) VALUES
(2551, 'Prueba script', 'John Jairo', '231', 'Sistemas', '10-10-2014', '06', '00', '08', '00', 0, 1, 2, 'interna', 2298),
(2552, 'Prueba script', 'John Jairo', '231', 'Sistemas', '11-10-2014', '06', '00', '08', '00', 0, 1, 2, 'interna', 2298),
(2553, 'Prueba script', 'John Jairo', '231', 'Sistemas', '12-10-2014', '06', '00', '08', '00', 0, 1, 2, 'interna', 2298),
(2554, 'Prueba script', 'John Jairo', '231', 'Sistemas', '13-10-2014', '06', '00', '08', '00', 0, 1, 2, 'interna', 2298),
(2555, 'Prueba script', 'John Jairo', '231', 'Sistemas', '14-10-2014', '06', '00', '08', '00', 0, 1, 2, 'interna', 2298),
(2556, 'Prueba script', 'John Jairo', '231', 'Sistemas', '15-10-2014', '06', '00', '08', '00', 0, 1, 2, 'interna', 2298),
(2557, 'Prueba script', 'John Jairo', '231', 'Sistemas', '16-10-2014', '06', '00', '08', '00', 0, 1, 2, 'interna', 2298),
(2558, 'Prueba script', 'John Jairo', '231', 'Sistemas', '17-10-2014', '06', '00', '08', '00', 0, 1, 2, 'interna', 2298),
(2559, 'Prueba script', 'John Jairo', '231', 'Sistemas', '18-10-2014', '06', '00', '08', '00', 0, 1, 2, 'interna', 2298),
(2560, 'Prueba script', 'John Jairo', '231', 'Sistemas', '19-10-2014', '06', '00', '08', '00', 0, 1, 2, 'interna', 2298),
(2561, 'Prueba script', 'John Jairo', '231', 'Sistemas', '20-10-2014', '06', '00', '08', '00', 0, 1, 2, 'interna', 2298),
(2562, 'Prueba script', 'John Jairo', '231', 'Sistemas', '21-10-2014', '06', '00', '08', '00', 0, 1, 2, 'interna', 2298),
(2563, 'Prueba script', 'John Jairo', '231', 'Sistemas', '22-10-2014', '06', '00', '08', '00', 0, 1, 2, 'interna', 2298),
(2564, 'Prueba script', 'John Jairo', '231', 'Sistemas', '23-10-2014', '06', '00', '08', '00', 0, 1, 2, 'interna', 2298),
(2565, 'Prueba script', 'John Jairo', '231', 'Sistemas', '24-10-2014', '06', '00', '08', '00', 0, 1, 2, 'interna', 2298),
(2566, 'Prueba script', 'John Jairo', '231', 'Sistemas', '25-10-2014', '06', '00', '08', '00', 0, 1, 2, 'interna', 2298),
(2567, 'Prueba script', 'John Jairo', '231', 'Sistemas', '26-10-2014', '06', '00', '08', '00', 0, 1, 2, 'interna', 2298),
(2568, 'Prueba script', 'John Jairo', '231', 'Sistemas', '27-10-2014', '06', '00', '08', '00', 0, 1, 2, 'interna', 2298),
(2569, 'Prueba script', 'John Jairo', '231', 'Sistemas', '28-10-2014', '06', '00', '08', '00', 0, 1, 2, 'interna', 2298),
(2570, 'Prueba script', 'John Jairo', '231', 'Sistemas', '29-10-2014', '06', '00', '08', '00', 0, 1, 2, 'interna', 2298),
(2571, 'Prueba script', 'John Jairo', '231', 'Sistemas', '30-10-2014', '06', '00', '08', '00', 0, 1, 2, 'interna', 2298),
(2572, 'Prueba script', 'John Jairo', '231', 'Sistemas', '31-10-2014', '06', '00', '08', '00', 0, 1, 2, 'interna', 2298),
(2573, 'Prueba script', 'John Jairo', '231', 'Sistemas', '01-11-2014', '06', '00', '08', '00', 0, 1, 2, 'interna', 2298),
(2574, 'Prueba script', 'John Jairo', '231', 'Sistemas', '02-11-2014', '06', '00', '08', '00', 0, 1, 2, 'interna', 2298),
(2575, 'Prueba script', 'John Jairo', '231', 'Sistemas', '03-11-2014', '06', '00', '08', '00', 0, 1, 2, 'interna', 2298),
(2576, 'Prueba script', 'John Jairo', '231', 'Sistemas', '04-11-2014', '06', '00', '08', '00', 0, 1, 2, 'interna', 2298),
(2577, 'Prueba script', 'John Jairo', '231', 'Sistemas', '05-11-2014', '06', '00', '08', '00', 0, 1, 2, 'interna', 2298),
(2578, 'Prueba script', 'John Jairo', '231', 'Sistemas', '06-11-2014', '06', '00', '08', '00', 0, 1, 2, 'interna', 2298),
(2579, 'Prueba script', 'John Jairo', '231', 'Sistemas', '07-11-2014', '06', '00', '08', '00', 0, 1, 2, 'interna', 2298),
(2580, 'Prueba script', 'John Jairo', '231', 'Sistemas', '08-11-2014', '06', '00', '08', '00', 0, 1, 2, 'interna', 2298),
(2581, 'Prueba script', 'John Jairo', '231', 'Sistemas', '09-11-2014', '06', '00', '08', '00', 0, 1, 2, 'interna', 2298),
(2582, 'Prueba script', 'John Jairo', '231', 'Sistemas', '10-11-2014', '06', '00', '08', '00', 0, 1, 2, 'interna', 2298),
(2583, 'Prueba script', 'John Jairo', '231', 'Sistemas', '11-11-2014', '06', '00', '08', '00', 0, 1, 2, 'interna', 2298),
(2584, 'Prueba script', 'John Jairo', '231', 'Sistemas', '12-11-2014', '06', '00', '08', '00', 0, 1, 2, 'interna', 2298),
(2585, 'Prueba script', 'John Jairo', '231', 'Sistemas', '13-11-2014', '06', '00', '08', '00', 0, 1, 2, 'interna', 2298),
(2586, 'Prueba script', 'John Jairo', '231', 'Sistemas', '14-11-2014', '06', '00', '08', '00', 0, 1, 2, 'interna', 2298),
(2587, 'Prueba script', 'John Jairo', '231', 'Sistemas', '15-11-2014', '06', '00', '08', '00', 0, 1, 2, 'interna', 2298),
(2588, 'Prueba script', 'John Jairo', '231', 'Sistemas', '16-11-2014', '06', '00', '08', '00', 0, 1, 2, 'interna', 2298),
(2589, 'Prueba script', 'John Jairo', '231', 'Sistemas', '17-11-2014', '06', '00', '08', '00', 0, 1, 2, 'interna', 2298),
(2590, 'Prueba script', 'John Jairo', '231', 'Sistemas', '18-11-2014', '06', '00', '08', '00', 0, 1, 2, 'interna', 2298),
(2591, 'Prueba script', 'John Jairo', '231', 'Sistemas', '19-11-2014', '06', '00', '08', '00', 0, 1, 2, 'interna', 2298),
(2592, 'Prueba script', 'John Jairo', '231', 'Sistemas', '20-11-2014', '06', '00', '08', '00', 0, 1, 2, 'interna', 2298),
(2593, 'Prueba script', 'John Jairo', '231', 'Sistemas', '21-11-2014', '06', '00', '08', '00', 0, 1, 2, 'interna', 2298),
(2594, 'Prueba script', 'John Jairo', '231', 'Sistemas', '22-11-2014', '06', '00', '08', '00', 0, 1, 2, 'interna', 2298),
(2595, 'Prueba script', 'John Jairo', '231', 'Sistemas', '23-11-2014', '06', '00', '08', '00', 0, 1, 2, 'interna', 2298),
(2596, 'Prueba script', 'John Jairo', '231', 'Sistemas', '24-11-2014', '06', '00', '08', '00', 0, 1, 2, 'interna', 2298),
(2597, 'Prueba script', 'John Jairo', '231', 'Sistemas', '25-11-2014', '06', '00', '08', '00', 0, 1, 2, 'interna', 2298),
(2598, 'Prueba script', 'John Jairo', '231', 'Sistemas', '26-11-2014', '06', '00', '08', '00', 0, 1, 2, 'interna', 2298),
(2599, 'Prueba script', 'John Jairo', '231', 'Sistemas', '27-11-2014', '06', '00', '08', '00', 0, 1, 2, 'interna', 2298),
(2600, 'Prueba script', 'John Jairo', '231', 'Sistemas', '28-11-2014', '06', '00', '08', '00', 0, 1, 2, 'interna', 2298),
(2601, 'Prueba script', 'John Jairo', '231', 'Sistemas', '29-11-2014', '06', '00', '08', '00', 0, 1, 2, 'interna', 2298),
(2602, 'Prueba script', 'John Jairo', '231', 'Sistemas', '30-11-2014', '06', '00', '08', '00', 0, 1, 2, 'interna', 2298),
(2603, 'Prueba script', 'John Jairo', '231', 'Sistemas', '01-12-2014', '06', '00', '08', '00', 0, 1, 2, 'interna', 2298),
(2604, 'Prueba script', 'John Jairo', '231', 'Sistemas', '02-12-2014', '06', '00', '08', '00', 0, 1, 2, 'interna', 2298),
(2605, 'Prueba script', 'John Jairo', '231', 'Sistemas', '03-12-2014', '06', '00', '08', '00', 0, 1, 2, 'interna', 2298),
(2606, 'Prueba script', 'John Jairo', '231', 'Sistemas', '04-12-2014', '06', '00', '08', '00', 0, 1, 2, 'interna', 2298),
(2607, 'Prueba script', 'John Jairo', '231', 'Sistemas', '05-12-2014', '06', '00', '08', '00', 0, 1, 2, 'interna', 2298),
(2608, 'Prueba script', 'John Jairo', '231', 'Sistemas', '06-12-2014', '06', '00', '08', '00', 0, 1, 2, 'interna', 2298),
(2609, 'Prueba script', 'John Jairo', '231', 'Sistemas', '07-12-2014', '06', '00', '08', '00', 0, 1, 2, 'interna', 2298),
(2610, 'Prueba script', 'John Jairo', '231', 'Sistemas', '08-12-2014', '06', '00', '08', '00', 0, 1, 2, 'interna', 2298),
(2611, 'Prueba script', 'John Jairo', '231', 'Sistemas', '09-12-2014', '06', '00', '08', '00', 0, 1, 2, 'interna', 2298),
(2612, 'Prueba script', 'John Jairo', '231', 'Sistemas', '10-12-2014', '06', '00', '08', '00', 0, 1, 2, 'interna', 2298),
(2613, 'Prueba script', 'John Jairo', '231', 'Sistemas', '11-12-2014', '06', '00', '08', '00', 0, 1, 2, 'interna', 2298),
(2614, 'Prueba script', 'John Jairo', '231', 'Sistemas', '12-12-2014', '06', '00', '08', '00', 0, 1, 2, 'interna', 2298),
(2615, 'Prueba script', 'John Jairo', '231', 'Sistemas', '13-12-2014', '06', '00', '08', '00', 0, 1, 2, 'interna', 2298),
(2616, 'Prueba script', 'John Jairo', '231', 'Sistemas', '14-12-2014', '06', '00', '08', '00', 0, 1, 2, 'interna', 2298),
(2617, 'Prueba script', 'John Jairo', '231', 'Sistemas', '15-12-2014', '06', '00', '08', '00', 0, 1, 2, 'interna', 2298),
(2618, 'Prueba script', 'John Jairo', '231', 'Sistemas', '16-12-2014', '06', '00', '08', '00', 0, 1, 2, 'interna', 2298),
(2619, 'Prueba script', 'John Jairo', '231', 'Sistemas', '17-12-2014', '06', '00', '08', '00', 0, 1, 2, 'interna', 2298),
(2620, 'Prueba script', 'John Jairo', '231', 'Sistemas', '18-12-2014', '06', '00', '08', '00', 0, 1, 2, 'interna', 2298),
(2621, 'Prueba script', 'John Jairo', '231', 'Sistemas', '19-12-2014', '06', '00', '08', '00', 0, 1, 2, 'interna', 2298),
(2622, 'Prueba script', 'John Jairo', '231', 'Sistemas', '20-12-2014', '06', '00', '08', '00', 0, 1, 2, 'interna', 2298),
(2623, 'Prueba script', 'John Jairo', '231', 'Sistemas', '21-12-2014', '06', '00', '08', '00', 0, 1, 2, 'interna', 2298),
(2624, 'Prueba script', 'John Jairo', '231', 'Sistemas', '22-12-2014', '06', '00', '08', '00', 0, 1, 2, 'interna', 2298),
(2625, 'Prueba script', 'John Jairo', '231', 'Sistemas', '23-12-2014', '06', '00', '08', '00', 0, 1, 2, 'interna', 2298),
(2626, 'Prueba script', 'John Jairo', '231', 'Sistemas', '24-12-2014', '06', '00', '08', '00', 0, 1, 2, 'interna', 2298),
(2627, 'Prueba script', 'John Jairo', '231', 'Sistemas', '25-12-2014', '06', '00', '08', '00', 0, 1, 2, 'interna', 2298),
(2628, 'Prueba script', 'John Jairo', '231', 'Sistemas', '26-12-2014', '06', '00', '08', '00', 0, 1, 2, 'interna', 2298),
(2629, 'Prueba script', 'John Jairo', '231', 'Sistemas', '27-12-2014', '06', '00', '08', '00', 0, 1, 2, 'interna', 2298),
(2630, 'Prueba script', 'John Jairo', '231', 'Sistemas', '28-12-2014', '06', '00', '08', '00', 0, 1, 2, 'interna', 2298),
(2631, 'Prueba script', 'John Jairo', '231', 'Sistemas', '29-12-2014', '06', '00', '08', '00', 0, 1, 2, 'interna', 2298),
(2632, 'Prueba script', 'John Jairo', '231', 'Sistemas', '30-12-2014', '06', '00', '08', '00', 0, 1, 2, 'interna', 2298),
(2633, 'Prueba script', 'John Jairo', '231', 'Sistemas', '31-12-2014', '06', '00', '08', '00', 0, 1, 2, 'interna', 2298),
(2634, 'Prueba script', 'John Jairo', '231', 'Sistemas', '01-01-2015', '06', '00', '08', '00', 0, 1, 2, 'interna', 2298),
(2635, 'Prueba script', 'John Jairo', '231', 'Sistemas', '02-01-2015', '06', '00', '08', '00', 0, 1, 2, 'interna', 2298),
(2636, 'Prueba script', 'John Jairo', '231', 'Sistemas', '03-01-2015', '06', '00', '08', '00', 0, 1, 2, 'interna', 2298),
(2637, 'Prueba script', 'John Jairo', '231', 'Sistemas', '04-01-2015', '06', '00', '08', '00', 0, 1, 2, 'interna', 2298),
(2638, 'Prueba script', 'John Jairo', '231', 'Sistemas', '05-01-2015', '06', '00', '08', '00', 0, 1, 2, 'interna', 2298),
(2639, 'Prueba script', 'John Jairo', '231', 'Sistemas', '06-01-2015', '06', '00', '08', '00', 0, 1, 2, 'interna', 2298),
(2640, 'Prueba script', 'John Jairo', '231', 'Sistemas', '07-01-2015', '06', '00', '08', '00', 0, 1, 2, 'interna', 2298),
(2641, 'Prueba script', 'John Jairo', '231', 'Sistemas', '08-01-2015', '06', '00', '08', '00', 0, 1, 2, 'interna', 2298),
(2642, 'Prueba script', 'John Jairo', '231', 'Sistemas', '09-01-2015', '06', '00', '08', '00', 0, 1, 2, 'interna', 2298),
(2643, 'Prueba script', 'John Jairo', '231', 'Sistemas', '10-01-2015', '06', '00', '08', '00', 0, 1, 2, 'interna', 2298),
(2644, 'Prueba script', 'John Jairo', '231', 'Sistemas', '11-01-2015', '06', '00', '08', '00', 0, 1, 2, 'interna', 2298),
(2645, 'Prueba script', 'John Jairo', '231', 'Sistemas', '12-01-2015', '06', '00', '08', '00', 0, 1, 2, 'interna', 2298),
(2646, 'Prueba script', 'John Jairo', '231', 'Sistemas', '13-01-2015', '06', '00', '08', '00', 0, 1, 2, 'interna', 2298),
(2647, 'Prueba script', 'John Jairo', '231', 'Sistemas', '14-01-2015', '06', '00', '08', '00', 0, 1, 2, 'interna', 2298),
(2648, 'Prueba script', 'John Jairo', '231', 'Sistemas', '15-01-2015', '06', '00', '08', '00', 0, 1, 2, 'interna', 2298),
(2649, 'Prueba script', 'John Jairo', '231', 'Sistemas', '16-01-2015', '06', '00', '08', '00', 0, 1, 2, 'interna', 2298),
(2650, 'Prueba script', 'John Jairo', '231', 'Sistemas', '17-01-2015', '06', '00', '08', '00', 0, 1, 2, 'interna', 2298),
(2651, 'Prueba script', 'John Jairo', '231', 'Sistemas', '18-01-2015', '06', '00', '08', '00', 0, 1, 2, 'interna', 2298),
(2652, 'Prueba script', 'John Jairo', '231', 'Sistemas', '19-01-2015', '06', '00', '08', '00', 0, 1, 2, 'interna', 2298),
(2653, 'Prueba script', 'John Jairo', '231', 'Sistemas', '20-01-2015', '06', '00', '08', '00', 0, 1, 2, 'interna', 2298),
(2654, 'Prueba script', 'John Jairo', '231', 'Sistemas', '21-01-2015', '06', '00', '08', '00', 0, 1, 2, 'interna', 2298),
(2655, 'Prueba script', 'John Jairo', '231', 'Sistemas', '22-01-2015', '06', '00', '08', '00', 0, 1, 2, 'interna', 2298),
(2656, 'Prueba script', 'John Jairo', '231', 'Sistemas', '23-01-2015', '06', '00', '08', '00', 0, 1, 2, 'interna', 2298),
(2657, 'Prueba script', 'John Jairo', '231', 'Sistemas', '24-01-2015', '06', '00', '08', '00', 0, 1, 2, 'interna', 2298),
(2658, 'Prueba script', 'John Jairo', '231', 'Sistemas', '25-01-2015', '06', '00', '08', '00', 0, 1, 2, 'interna', 2298),
(2659, 'Prueba script', 'John Jairo', '231', 'Sistemas', '26-01-2015', '06', '00', '08', '00', 0, 1, 2, 'interna', 2298),
(2660, 'Prueba script', 'John Jairo', '231', 'Sistemas', '27-01-2015', '06', '00', '08', '00', 0, 1, 2, 'interna', 2298),
(2661, 'Prueba script', 'John Jairo', '231', 'Sistemas', '28-01-2015', '06', '00', '08', '00', 0, 1, 2, 'interna', 2298),
(2662, 'Prueba script', 'John Jairo', '231', 'Sistemas', '29-01-2015', '06', '00', '08', '00', 0, 1, 2, 'interna', 2298),
(2663, 'Prueba script', 'John Jairo', '231', 'Sistemas', '30-01-2015', '06', '00', '08', '00', 0, 1, 2, 'interna', 2298),
(2664, 'Prueba script', 'John Jairo', '231', 'Sistemas', '31-01-2015', '06', '00', '08', '00', 0, 1, 2, 'interna', 2298),
(2665, 'Prueba script', 'John Jairo', '231', 'Sistemas', '01-02-2015', '06', '00', '08', '00', 0, 1, 2, 'interna', 2298),
(2666, 'Prueba script', 'John Jairo', '231', 'Sistemas', '02-02-2015', '06', '00', '08', '00', 0, 1, 2, 'interna', 2298),
(2667, 'Prueba script', 'John Jairo', '231', 'Sistemas', '03-02-2015', '06', '00', '08', '00', 0, 1, 2, 'interna', 2298),
(2668, 'Prueba script', 'John Jairo', '231', 'Sistemas', '04-02-2015', '06', '00', '08', '00', 0, 1, 2, 'interna', 2298),
(2669, 'Prueba script', 'John Jairo', '231', 'Sistemas', '05-02-2015', '06', '00', '08', '00', 0, 1, 2, 'interna', 2298),
(2670, 'Prueba script', 'John Jairo', '231', 'Sistemas', '06-02-2015', '06', '00', '08', '00', 0, 1, 2, 'interna', 2298),
(2671, 'Prueba script', 'John Jairo', '231', 'Sistemas', '07-02-2015', '06', '00', '08', '00', 0, 1, 2, 'interna', 2298),
(2672, 'Prueba script', 'John Jairo', '231', 'Sistemas', '08-02-2015', '06', '00', '08', '00', 0, 1, 2, 'interna', 2298),
(2673, 'Prueba script', 'John Jairo', '231', 'Sistemas', '09-02-2015', '06', '00', '08', '00', 0, 1, 2, 'interna', 2298),
(2674, 'Prueba script', 'John Jairo', '231', 'Sistemas', '10-02-2015', '06', '00', '08', '00', 0, 1, 2, 'interna', 2298),
(2675, 'Prueba script', 'John Jairo', '231', 'Sistemas', '11-02-2015', '06', '00', '08', '00', 0, 1, 2, 'interna', 2298),
(2676, 'Prueba script', 'John Jairo', '231', 'Sistemas', '12-02-2015', '06', '00', '08', '00', 0, 1, 2, 'interna', 2298),
(2677, 'Prueba script', 'John Jairo', '231', 'Sistemas', '13-02-2015', '06', '00', '08', '00', 0, 1, 2, 'interna', 2298),
(2678, 'Prueba script', 'John Jairo', '231', 'Sistemas', '14-02-2015', '06', '00', '08', '00', 0, 1, 2, 'interna', 2298),
(2679, 'Prueba script', 'John Jairo', '231', 'Sistemas', '15-02-2015', '06', '00', '08', '00', 0, 1, 2, 'interna', 2298),
(2680, 'Prueba script', 'John Jairo', '231', 'Sistemas', '16-02-2015', '06', '00', '08', '00', 0, 1, 2, 'interna', 2298),
(2681, 'Prueba script', 'John Jairo', '231', 'Sistemas', '17-02-2015', '06', '00', '08', '00', 0, 1, 2, 'interna', 2298),
(2682, 'Prueba script', 'John Jairo', '231', 'Sistemas', '18-02-2015', '06', '00', '08', '00', 0, 1, 2, 'interna', 2298),
(2683, 'Prueba script', 'John Jairo', '231', 'Sistemas', '19-02-2015', '06', '00', '08', '00', 0, 1, 2, 'interna', 2298),
(2684, 'Prueba script', 'John Jairo', '231', 'Sistemas', '20-02-2015', '06', '00', '08', '00', 0, 1, 2, 'interna', 2298),
(2685, 'Prueba script', 'John Jairo', '231', 'Sistemas', '21-02-2015', '06', '00', '08', '00', 0, 1, 2, 'interna', 2298),
(2686, 'Prueba script', 'John Jairo', '231', 'Sistemas', '22-02-2015', '06', '00', '08', '00', 0, 1, 2, 'interna', 2298),
(2687, 'Prueba script', 'John Jairo', '231', 'Sistemas', '23-02-2015', '06', '00', '08', '00', 0, 1, 2, 'interna', 2298),
(2688, 'Prueba script', 'John Jairo', '231', 'Sistemas', '24-02-2015', '06', '00', '08', '00', 0, 1, 2, 'interna', 2298),
(2689, 'Prueba script', 'John Jairo', '231', 'Sistemas', '25-02-2015', '06', '00', '08', '00', 0, 1, 2, 'interna', 2298),
(2690, 'Prueba script', 'John Jairo', '231', 'Sistemas', '26-02-2015', '06', '00', '08', '00', 0, 1, 2, 'interna', 2298),
(2691, 'Prueba script', 'John Jairo', '231', 'Sistemas', '27-02-2015', '06', '00', '08', '00', 0, 1, 2, 'interna', 2298),
(2692, 'Prueba script', 'John Jairo', '231', 'Sistemas', '28-02-2015', '06', '00', '08', '00', 0, 1, 2, 'interna', 2298),
(2693, 'Prueba script', 'John Jairo', '231', 'Sistemas', '01-03-2015', '06', '00', '08', '00', 0, 1, 2, 'interna', 2298),
(2694, 'Prueba script', 'John Jairo', '231', 'Sistemas', '02-03-2015', '06', '00', '08', '00', 0, 1, 2, 'interna', 2298),
(2695, 'Prueba script', 'John Jairo', '231', 'Sistemas', '03-03-2015', '06', '00', '08', '00', 0, 1, 2, 'interna', 2298),
(2696, 'Prueba script', 'John Jairo', '231', 'Sistemas', '04-03-2015', '06', '00', '08', '00', 0, 1, 2, 'interna', 2298),
(2697, 'Prueba script', 'John Jairo', '231', 'Sistemas', '05-03-2015', '06', '00', '08', '00', 0, 1, 2, 'interna', 2298),
(2698, 'Prueba script', 'John Jairo', '231', 'Sistemas', '06-03-2015', '06', '00', '08', '00', 0, 1, 2, 'interna', 2298),
(2699, 'Prueba script', 'John Jairo', '231', 'Sistemas', '07-03-2015', '06', '00', '08', '00', 0, 1, 2, 'interna', 2298),
(2700, 'Prueba script', 'John Jairo', '231', 'Sistemas', '08-03-2015', '06', '00', '08', '00', 0, 1, 2, 'interna', 2298),
(2701, 'Prueba script', 'John Jairo', '231', 'Sistemas', '09-03-2015', '06', '00', '08', '00', 0, 1, 2, 'interna', 2298),
(2702, 'Prueba script', 'John Jairo', '231', 'Sistemas', '10-03-2015', '06', '00', '08', '00', 0, 1, 2, 'interna', 2298),
(2703, 'Prueba script', 'John Jairo', '231', 'Sistemas', '11-03-2015', '06', '00', '08', '00', 0, 1, 2, 'interna', 2298),
(2704, 'Prueba script', 'John Jairo', '231', 'Sistemas', '12-03-2015', '06', '00', '08', '00', 0, 1, 2, 'interna', 2298),
(2705, 'Prueba script', 'John Jairo', '231', 'Sistemas', '13-03-2015', '06', '00', '08', '00', 0, 1, 2, 'interna', 2298),
(2706, 'Prueba script', 'John Jairo', '231', 'Sistemas', '14-03-2015', '06', '00', '08', '00', 0, 1, 2, 'interna', 2298),
(2707, 'Prueba script', 'John Jairo', '231', 'Sistemas', '15-03-2015', '06', '00', '08', '00', 0, 1, 2, 'interna', 2298),
(2708, 'Prueba script', 'John Jairo', '231', 'Sistemas', '16-03-2015', '06', '00', '08', '00', 0, 1, 2, 'interna', 2298),
(2709, 'Prueba script', 'John Jairo', '231', 'Sistemas', '17-03-2015', '06', '00', '08', '00', 0, 1, 2, 'interna', 2298),
(2710, 'Prueba script', 'John Jairo', '231', 'Sistemas', '18-03-2015', '06', '00', '08', '00', 0, 1, 2, 'interna', 2298),
(2711, 'Prueba script', 'John Jairo', '231', 'Sistemas', '19-03-2015', '06', '00', '08', '00', 0, 1, 2, 'interna', 2298),
(2712, 'Prueba script', 'John Jairo', '231', 'Sistemas', '20-03-2015', '06', '00', '08', '00', 0, 1, 2, 'interna', 2298),
(2713, 'Prueba script', 'John Jairo', '231', 'Sistemas', '21-03-2015', '06', '00', '08', '00', 0, 1, 2, 'interna', 2298),
(2714, 'Prueba script', 'John Jairo', '231', 'Sistemas', '22-03-2015', '06', '00', '08', '00', 0, 1, 2, 'interna', 2298),
(2715, 'Prueba script', 'John Jairo', '231', 'Sistemas', '23-03-2015', '06', '00', '08', '00', 0, 1, 2, 'interna', 2298),
(2716, 'Prueba script', 'John Jairo', '231', 'Sistemas', '24-03-2015', '06', '00', '08', '00', 0, 1, 2, 'interna', 2298),
(2717, 'Prueba script', 'John Jairo', '231', 'Sistemas', '25-03-2015', '06', '00', '08', '00', 0, 1, 2, 'interna', 2298),
(2718, 'Prueba script', 'John Jairo', '231', 'Sistemas', '26-03-2015', '06', '00', '08', '00', 0, 1, 2, 'interna', 2298),
(2719, 'Prueba script', 'John Jairo', '231', 'Sistemas', '27-03-2015', '06', '00', '08', '00', 0, 1, 2, 'interna', 2298),
(2720, 'Prueba script', 'John Jairo', '231', 'Sistemas', '28-03-2015', '06', '00', '08', '00', 0, 1, 2, 'interna', 2298),
(2721, 'Prueba script', 'John Jairo', '231', 'Sistemas', '29-03-2015', '06', '00', '08', '00', 0, 1, 2, 'interna', 2298),
(2722, 'Prueba script', 'John Jairo', '231', 'Sistemas', '30-03-2015', '06', '00', '08', '00', 0, 1, 2, 'interna', 2298),
(2723, 'Prueba script', 'John Jairo', '231', 'Sistemas', '31-03-2015', '06', '00', '08', '00', 0, 1, 2, 'interna', 2298),
(2724, 'Prueba script', 'John Jairo', '231', 'Sistemas', '01-04-2015', '06', '00', '08', '00', 0, 1, 2, 'interna', 2298),
(2725, 'Prueba script', 'John Jairo', '231', 'Sistemas', '02-04-2015', '06', '00', '08', '00', 0, 1, 2, 'interna', 2298),
(2726, 'Prueba script', 'John Jairo', '231', 'Sistemas', '03-04-2015', '06', '00', '08', '00', 0, 1, 2, 'interna', 2298),
(2727, 'Prueba script', 'John Jairo', '231', 'Sistemas', '04-04-2015', '06', '00', '08', '00', 0, 1, 2, 'interna', 2298),
(2728, 'Prueba script', 'John Jairo', '231', 'Sistemas', '05-04-2015', '06', '00', '08', '00', 0, 1, 2, 'interna', 2298),
(2729, 'Prueba script', 'John Jairo', '231', 'Sistemas', '06-04-2015', '06', '00', '08', '00', 0, 1, 2, 'interna', 2298),
(2730, 'Prueba script', 'John Jairo', '231', 'Sistemas', '07-04-2015', '06', '00', '08', '00', 0, 1, 2, 'interna', 2298),
(2731, 'Prueba script', 'John Jairo', '231', 'Sistemas', '08-04-2015', '06', '00', '08', '00', 0, 1, 2, 'interna', 2298),
(2732, 'Prueba script', 'John Jairo', '231', 'Sistemas', '09-04-2015', '06', '00', '08', '00', 0, 1, 2, 'interna', 2298),
(2733, 'Prueba script', 'John Jairo', '231', 'Sistemas', '10-04-2015', '06', '00', '08', '00', 0, 1, 2, 'interna', 2298),
(2734, 'Prueba script', 'John Jairo', '231', 'Sistemas', '11-04-2015', '06', '00', '08', '00', 0, 1, 2, 'interna', 2298),
(2735, 'Prueba script', 'John Jairo', '231', 'Sistemas', '12-04-2015', '06', '00', '08', '00', 0, 1, 2, 'interna', 2298),
(2736, 'Prueba script', 'John Jairo', '231', 'Sistemas', '13-04-2015', '06', '00', '08', '00', 0, 1, 2, 'interna', 2298),
(2737, 'Prueba script', 'John Jairo', '231', 'Sistemas', '14-04-2015', '06', '00', '08', '00', 0, 1, 2, 'interna', 2298),
(2738, 'Prueba script', 'John Jairo', '231', 'Sistemas', '15-04-2015', '06', '00', '08', '00', 0, 1, 2, 'interna', 2298),
(2739, 'Prueba script', 'John Jairo', '231', 'Sistemas', '16-04-2015', '06', '00', '08', '00', 0, 1, 2, 'interna', 2298),
(2740, 'Prueba script', 'John Jairo', '231', 'Sistemas', '17-04-2015', '06', '00', '08', '00', 0, 1, 2, 'interna', 2298),
(2741, 'Prueba script', 'John Jairo', '231', 'Sistemas', '18-04-2015', '06', '00', '08', '00', 0, 1, 2, 'interna', 2298),
(2742, 'Prueba script', 'John Jairo', '231', 'Sistemas', '19-04-2015', '06', '00', '08', '00', 0, 1, 2, 'interna', 2298),
(2743, 'Prueba script', 'John Jairo', '231', 'Sistemas', '20-04-2015', '06', '00', '08', '00', 0, 1, 2, 'interna', 2298),
(2744, 'Prueba script', 'John Jairo', '231', 'Sistemas', '21-04-2015', '06', '00', '08', '00', 0, 1, 2, 'interna', 2298),
(2745, 'Prueba script', 'John Jairo', '231', 'Sistemas', '22-04-2015', '06', '00', '08', '00', 0, 1, 2, 'interna', 2298),
(2746, 'Prueba script', 'John Jairo', '231', 'Sistemas', '23-04-2015', '06', '00', '08', '00', 0, 1, 2, 'interna', 2298),
(2747, 'Prueba script', 'John Jairo', '231', 'Sistemas', '24-04-2015', '06', '00', '08', '00', 0, 1, 2, 'interna', 2298),
(2748, 'Prueba script', 'John Jairo', '231', 'Sistemas', '25-04-2015', '06', '00', '08', '00', 0, 1, 2, 'interna', 2298),
(2749, 'Prueba script', 'John Jairo', '231', 'Sistemas', '26-04-2015', '06', '00', '08', '00', 0, 1, 2, 'interna', 2298),
(2750, 'Prueba script', 'John Jairo', '231', 'Sistemas', '27-04-2015', '06', '00', '08', '00', 0, 1, 2, 'interna', 2298),
(2751, 'Prueba script', 'John Jairo', '231', 'Sistemas', '28-04-2015', '06', '00', '08', '00', 0, 1, 2, 'interna', 2298),
(2752, 'Prueba script', 'John Jairo', '231', 'Sistemas', '29-04-2015', '06', '00', '08', '00', 0, 1, 2, 'interna', 2298),
(2753, 'Prueba script', 'John Jairo', '231', 'Sistemas', '30-04-2015', '06', '00', '08', '00', 0, 1, 2, 'interna', 2298),
(2754, 'Prueba script', 'John Jairo', '231', 'Sistemas', '01-05-2015', '06', '00', '08', '00', 0, 1, 2, 'interna', 2298),
(2755, 'Prueba script', 'John Jairo', '231', 'Sistemas', '02-05-2015', '06', '00', '08', '00', 0, 1, 2, 'interna', 2298),
(2756, 'Prueba script', 'John Jairo', '231', 'Sistemas', '03-05-2015', '06', '00', '08', '00', 0, 1, 2, 'interna', 2298),
(2757, 'Prueba script', 'John Jairo', '231', 'Sistemas', '04-05-2015', '06', '00', '08', '00', 0, 1, 2, 'interna', 2298),
(2758, 'Prueba script', 'John Jairo', '231', 'Sistemas', '05-05-2015', '06', '00', '08', '00', 0, 1, 2, 'interna', 2298),
(2759, 'Prueba script', 'John Jairo', '231', 'Sistemas', '06-05-2015', '06', '00', '08', '00', 0, 1, 2, 'interna', 2298),
(2760, 'Prueba script', 'John Jairo', '231', 'Sistemas', '07-05-2015', '06', '00', '08', '00', 0, 1, 2, 'interna', 2298),
(2761, 'Prueba script', 'John Jairo', '231', 'Sistemas', '08-05-2015', '06', '00', '08', '00', 0, 1, 2, 'interna', 2298),
(2762, 'Prueba script', 'John Jairo', '231', 'Sistemas', '09-05-2015', '06', '00', '08', '00', 0, 1, 2, 'interna', 2298),
(2763, 'Prueba script', 'John Jairo', '231', 'Sistemas', '10-05-2015', '06', '00', '08', '00', 0, 1, 2, 'interna', 2298),
(2764, 'Prueba script', 'John Jairo', '231', 'Sistemas', '11-05-2015', '06', '00', '08', '00', 0, 1, 2, 'interna', 2298),
(2765, 'Prueba script', 'John Jairo', '231', 'Sistemas', '12-05-2015', '06', '00', '08', '00', 0, 1, 2, 'interna', 2298),
(2766, 'Prueba script', 'John Jairo', '231', 'Sistemas', '13-05-2015', '06', '00', '08', '00', 0, 1, 2, 'interna', 2298),
(2767, 'Prueba script', 'John Jairo', '231', 'Sistemas', '14-05-2015', '06', '00', '08', '00', 0, 1, 2, 'interna', 2298),
(2768, 'Prueba script', 'John Jairo', '231', 'Sistemas', '15-05-2015', '06', '00', '08', '00', 0, 1, 2, 'interna', 2298),
(2769, 'Prueba script', 'John Jairo', '231', 'Sistemas', '16-05-2015', '06', '00', '08', '00', 0, 1, 2, 'interna', 2298),
(2770, 'Prueba script', 'John Jairo', '231', 'Sistemas', '17-05-2015', '06', '00', '08', '00', 0, 1, 2, 'interna', 2298),
(2771, 'Prueba script', 'John Jairo', '231', 'Sistemas', '18-05-2015', '06', '00', '08', '00', 0, 1, 2, 'interna', 2298),
(2772, 'Prueba script', 'John Jairo', '231', 'Sistemas', '19-05-2015', '06', '00', '08', '00', 0, 1, 2, 'interna', 2298),
(2773, 'Prueba script', 'John Jairo', '231', 'Sistemas', '20-05-2015', '06', '00', '08', '00', 0, 1, 2, 'interna', 2298),
(2774, 'Prueba script', 'John Jairo', '231', 'Sistemas', '21-05-2015', '06', '00', '08', '00', 0, 1, 2, 'interna', 2298),
(2775, 'Prueba script', 'John Jairo', '231', 'Sistemas', '22-05-2015', '06', '00', '08', '00', 0, 1, 2, 'interna', 2298),
(2776, 'Prueba script', 'John Jairo', '231', 'Sistemas', '23-05-2015', '06', '00', '08', '00', 0, 1, 2, 'interna', 2298),
(2777, 'Prueba script', 'John Jairo', '231', 'Sistemas', '24-05-2015', '06', '00', '08', '00', 0, 1, 2, 'interna', 2298),
(2778, 'Prueba script', 'John Jairo', '231', 'Sistemas', '25-05-2015', '06', '00', '08', '00', 0, 1, 2, 'interna', 2298),
(2780, 'Prueba Semana', 'John Jairo', '231', 'Sistemas', '06-03-2014', '06', '00', '07', '00', 0, 1, 2, 'interna', 2779),
(2781, 'Prueba Semana', 'John Jairo', '231', 'Sistemas', '26-05-2015', '06', '00', '07', '00', 0, 1, 2, 'interna', 2779),
(2782, 'Prueba Semana', 'John Jairo', '231', 'Sistemas', '27-05-2015', '06', '00', '07', '00', 0, 1, 2, 'interna', 2779),
(2783, 'Prueba Semana', 'John Jairo', '231', 'Sistemas', '28-05-2015', '06', '00', '07', '00', 0, 1, 2, 'interna', 2779),
(2784, 'Prueba Semana', 'John Jairo', '231', 'Sistemas', '29-05-2015', '06', '00', '07', '00', 0, 1, 2, 'interna', 2779),
(2785, 'Prueba Semana', 'John Jairo', '231', 'Sistemas', '30-05-2015', '06', '00', '07', '00', 0, 1, 2, 'interna', 2779),
(2786, 'Prueba Semana', 'John Jairo', '231', 'Sistemas', '31-05-2015', '06', '00', '07', '00', 0, 1, 2, 'interna', 2779),
(2787, 'Prueba Semana', 'John Jairo', '231', 'Sistemas', '01-06-2015', '06', '00', '07', '00', 0, 1, 2, 'interna', 2779),
(2788, 'Prueba Semana', 'John Jairo', '231', 'Sistemas', '02-06-2015', '06', '00', '07', '00', 0, 1, 2, 'interna', 2779),
(2789, 'Prueba Semana', 'John Jairo', '231', 'Sistemas', '03-06-2015', '06', '00', '07', '00', 0, 1, 2, 'interna', 2779),
(2790, 'Prueba Semana', 'John Jairo', '231', 'Sistemas', '04-06-2015', '06', '00', '07', '00', 0, 1, 2, 'interna', 2779),
(2791, 'Prueba Semana', 'John Jairo', '231', 'Sistemas', '05-06-2015', '06', '00', '07', '00', 0, 1, 2, 'interna', 2779),
(2792, 'Prueba Semana', 'John Jairo', '231', 'Sistemas', '06-06-2015', '06', '00', '07', '00', 0, 1, 2, 'interna', 2779),
(2793, 'Prueba Semana', 'John Jairo', '231', 'Sistemas', '07-06-2015', '06', '00', '07', '00', 0, 1, 2, 'interna', 2779),
(2794, 'Prueba Semana', 'John Jairo', '231', 'Sistemas', '08-06-2015', '06', '00', '07', '00', 0, 1, 2, 'interna', 2779),
(2795, 'Prueba Semana', 'John Jairo', '231', 'Sistemas', '09-06-2015', '06', '00', '07', '00', 0, 1, 2, 'interna', 2779),
(2796, 'Prueba Semana', 'John Jairo', '231', 'Sistemas', '10-06-2015', '06', '00', '07', '00', 0, 1, 2, 'interna', 2779),
(2797, 'Prueba Semana', 'John Jairo', '231', 'Sistemas', '11-06-2015', '06', '00', '07', '00', 0, 1, 2, 'interna', 2779),
(2798, 'Prueba Semana', 'John Jairo', '231', 'Sistemas', '12-06-2015', '06', '00', '07', '00', 0, 1, 2, 'interna', 2779),
(2799, 'Prueba Semana', 'John Jairo', '231', 'Sistemas', '13-06-2015', '06', '00', '07', '00', 0, 1, 2, 'interna', 2779),
(2800, 'Prueba Semana', 'John Jairo', '231', 'Sistemas', '14-06-2015', '06', '00', '07', '00', 0, 1, 2, 'interna', 2779),
(2801, 'Prueba Semana', 'John Jairo', '231', 'Sistemas', '15-06-2015', '06', '00', '07', '00', 0, 1, 2, 'interna', 2779),
(2802, 'Prueba Semana', 'John Jairo', '231', 'Sistemas', '16-06-2015', '06', '00', '07', '00', 0, 1, 2, 'interna', 2779),
(2803, 'Prueba Semana', 'John Jairo', '231', 'Sistemas', '17-06-2015', '06', '00', '07', '00', 0, 1, 2, 'interna', 2779),
(2804, 'Prueba Semana', 'John Jairo', '231', 'Sistemas', '18-06-2015', '06', '00', '07', '00', 0, 1, 2, 'interna', 2779),
(2805, 'Prueba Semana', 'John Jairo', '231', 'Sistemas', '19-06-2015', '06', '00', '07', '00', 0, 1, 2, 'interna', 2779),
(2806, 'Prueba Semana', 'John Jairo', '231', 'Sistemas', '20-06-2015', '06', '00', '07', '00', 0, 1, 2, 'interna', 2779),
(2807, 'Prueba Semana', 'John Jairo', '231', 'Sistemas', '21-06-2015', '06', '00', '07', '00', 0, 1, 2, 'interna', 2779),
(2808, 'Prueba Semana', 'John Jairo', '231', 'Sistemas', '22-06-2015', '06', '00', '07', '00', 0, 1, 2, 'interna', 2779),
(2809, 'Prueba Semana', 'John Jairo', '231', 'Sistemas', '23-06-2015', '06', '00', '07', '00', 0, 1, 2, 'interna', 2779),
(2810, 'Prueba Semana', 'John Jairo', '231', 'Sistemas', '24-06-2015', '06', '00', '07', '00', 0, 1, 2, 'interna', 2779),
(2811, 'Prueba Semana', 'John Jairo', '231', 'Sistemas', '25-06-2015', '06', '00', '07', '00', 0, 1, 2, 'interna', 2779),
(2812, 'Prueba Semana', 'John Jairo', '231', 'Sistemas', '26-06-2015', '06', '00', '07', '00', 0, 1, 2, 'interna', 2779),
(2813, 'Prueba Semana', 'John Jairo', '231', 'Sistemas', '27-06-2015', '06', '00', '07', '00', 0, 1, 2, 'interna', 2779),
(2814, 'Prueba Semana', 'John Jairo', '231', 'Sistemas', '28-06-2015', '06', '00', '07', '00', 0, 1, 2, 'interna', 2779),
(2815, 'Prueba Semana', 'John Jairo', '231', 'Sistemas', '29-06-2015', '06', '00', '07', '00', 0, 1, 2, 'interna', 2779),
(2816, 'Prueba Semana', 'John Jairo', '231', 'Sistemas', '30-06-2015', '06', '00', '07', '00', 0, 1, 2, 'interna', 2779),
(2817, 'Prueba Semana', 'John Jairo', '231', 'Sistemas', '01-07-2015', '06', '00', '07', '00', 0, 1, 2, 'interna', 2779),
(2818, 'Prueba Semana', 'John Jairo', '231', 'Sistemas', '02-07-2015', '06', '00', '07', '00', 0, 1, 2, 'interna', 2779),
(2819, 'Prueba Semana', 'John Jairo', '231', 'Sistemas', '03-07-2015', '06', '00', '07', '00', 0, 1, 2, 'interna', 2779),
(2820, 'Prueba Semana', 'John Jairo', '231', 'Sistemas', '04-07-2015', '06', '00', '07', '00', 0, 1, 2, 'interna', 2779),
(2821, 'Prueba Semana', 'John Jairo', '231', 'Sistemas', '05-07-2015', '06', '00', '07', '00', 0, 1, 2, 'interna', 2779),
(2822, 'Prueba Semana', 'John Jairo', '231', 'Sistemas', '06-07-2015', '06', '00', '07', '00', 0, 1, 2, 'interna', 2779),
(2823, 'Prueba Semana', 'John Jairo', '231', 'Sistemas', '07-07-2015', '06', '00', '07', '00', 0, 1, 2, 'interna', 2779),
(2824, 'Prueba Semana', 'John Jairo', '231', 'Sistemas', '08-07-2015', '06', '00', '07', '00', 0, 1, 2, 'interna', 2779),
(2825, 'Prueba Semana', 'John Jairo', '231', 'Sistemas', '09-07-2015', '06', '00', '07', '00', 0, 1, 2, 'interna', 2779),
(2826, 'Prueba Semana', 'John Jairo', '231', 'Sistemas', '10-07-2015', '06', '00', '07', '00', 0, 1, 2, 'interna', 2779),
(2827, 'Prueba Semana', 'John Jairo', '231', 'Sistemas', '11-07-2015', '06', '00', '07', '00', 0, 1, 2, 'interna', 2779),
(2828, 'Prueba Semana', 'John Jairo', '231', 'Sistemas', '12-07-2015', '06', '00', '07', '00', 0, 1, 2, 'interna', 2779),
(2829, 'Prueba Semana', 'John Jairo', '231', 'Sistemas', '13-07-2015', '06', '00', '07', '00', 0, 1, 2, 'interna', 2779),
(2830, 'Prueba Semana', 'John Jairo', '231', 'Sistemas', '14-07-2015', '06', '00', '07', '00', 0, 1, 2, 'interna', 2779),
(2831, 'Prueba Semana', 'John Jairo', '231', 'Sistemas', '15-07-2015', '06', '00', '07', '00', 0, 1, 2, 'interna', 2779),
(2832, 'Prueba Semana', 'John Jairo', '231', 'Sistemas', '16-07-2015', '06', '00', '07', '00', 0, 1, 2, 'interna', 2779),
(2833, 'Prueba Semana', 'John Jairo', '231', 'Sistemas', '17-07-2015', '06', '00', '07', '00', 0, 1, 2, 'interna', 2779),
(2834, 'Prueba Semana', 'John Jairo', '231', 'Sistemas', '18-07-2015', '06', '00', '07', '00', 0, 1, 2, 'interna', 2779),
(2835, 'Prueba Semana', 'John Jairo', '231', 'Sistemas', '19-07-2015', '06', '00', '07', '00', 0, 1, 2, 'interna', 2779),
(2836, 'Prueba Semana', 'John Jairo', '231', 'Sistemas', '20-07-2015', '06', '00', '07', '00', 0, 1, 2, 'interna', 2779),
(2837, 'Prueba Semana', 'John Jairo', '231', 'Sistemas', '21-07-2015', '06', '00', '07', '00', 0, 1, 2, 'interna', 2779),
(2838, 'Prueba Semana', 'John Jairo', '231', 'Sistemas', '22-07-2015', '06', '00', '07', '00', 0, 1, 2, 'interna', 2779),
(2839, 'Prueba Semana', 'John Jairo', '231', 'Sistemas', '23-07-2015', '06', '00', '07', '00', 0, 1, 2, 'interna', 2779),
(2840, 'Prueba Semana', 'John Jairo', '231', 'Sistemas', '24-07-2015', '06', '00', '07', '00', 0, 1, 2, 'interna', 2779),
(2841, 'Prueba Semana', 'John Jairo', '231', 'Sistemas', '25-07-2015', '06', '00', '07', '00', 0, 1, 2, 'interna', 2779),
(2842, 'Prueba Semana', 'John Jairo', '231', 'Sistemas', '26-07-2015', '06', '00', '07', '00', 0, 1, 2, 'interna', 2779),
(2843, 'Prueba Semana', 'John Jairo', '231', 'Sistemas', '27-07-2015', '06', '00', '07', '00', 0, 1, 2, 'interna', 2779),
(2844, 'Prueba Semana', 'John Jairo', '231', 'Sistemas', '28-07-2015', '06', '00', '07', '00', 0, 1, 2, 'interna', 2779),
(2845, 'Prueba Semana', 'John Jairo', '231', 'Sistemas', '29-07-2015', '06', '00', '07', '00', 0, 1, 2, 'interna', 2779),
(2846, 'Prueba Semana', 'John Jairo', '231', 'Sistemas', '30-07-2015', '06', '00', '07', '00', 0, 1, 2, 'interna', 2779),
(2847, 'Prueba Semana', 'John Jairo', '231', 'Sistemas', '31-07-2015', '06', '00', '07', '00', 0, 1, 2, 'interna', 2779),
(2848, 'Prueba Semana', 'John Jairo', '231', 'Sistemas', '01-08-2015', '06', '00', '07', '00', 0, 1, 2, 'interna', 2779),
(2849, 'Prueba Semana', 'John Jairo', '231', 'Sistemas', '02-08-2015', '06', '00', '07', '00', 0, 1, 2, 'interna', 2779),
(2850, 'Prueba Semana', 'John Jairo', '231', 'Sistemas', '03-08-2015', '06', '00', '07', '00', 0, 1, 2, 'interna', 2779),
(2851, 'Prueba Semana', 'John Jairo', '231', 'Sistemas', '04-08-2015', '06', '00', '07', '00', 0, 1, 2, 'interna', 2779),
(2852, 'Prueba Semana', 'John Jairo', '231', 'Sistemas', '05-08-2015', '06', '00', '07', '00', 0, 1, 2, 'interna', 2779),
(2853, 'Prueba Semana', 'John Jairo', '231', 'Sistemas', '06-08-2015', '06', '00', '07', '00', 0, 1, 2, 'interna', 2779),
(2854, 'Prueba Semana', 'John Jairo', '231', 'Sistemas', '07-08-2015', '06', '00', '07', '00', 0, 1, 2, 'interna', 2779),
(2855, 'Prueba Semana', 'John Jairo', '231', 'Sistemas', '08-08-2015', '06', '00', '07', '00', 0, 1, 2, 'interna', 2779),
(2856, 'Prueba Semana', 'John Jairo', '231', 'Sistemas', '09-08-2015', '06', '00', '07', '00', 0, 1, 2, 'interna', 2779),
(2857, 'Prueba Semana', 'John Jairo', '231', 'Sistemas', '10-08-2015', '06', '00', '07', '00', 0, 1, 2, 'interna', 2779),
(2858, 'Prueba Semana', 'John Jairo', '231', 'Sistemas', '11-08-2015', '06', '00', '07', '00', 0, 1, 2, 'interna', 2779),
(2859, 'Prueba Semana', 'John Jairo', '231', 'Sistemas', '12-08-2015', '06', '00', '07', '00', 0, 1, 2, 'interna', 2779),
(2860, 'Prueba Semana', 'John Jairo', '231', 'Sistemas', '13-08-2015', '06', '00', '07', '00', 0, 1, 2, 'interna', 2779),
(2861, 'Prueba Semana', 'John Jairo', '231', 'Sistemas', '14-08-2015', '06', '00', '07', '00', 0, 1, 2, 'interna', 2779),
(2862, 'Prueba Semana', 'John Jairo', '231', 'Sistemas', '15-08-2015', '06', '00', '07', '00', 0, 1, 2, 'interna', 2779),
(2863, 'Prueba Semana', 'John Jairo', '231', 'Sistemas', '16-08-2015', '06', '00', '07', '00', 0, 1, 2, 'interna', 2779),
(2864, 'Prueba Semana', 'John Jairo', '231', 'Sistemas', '17-08-2015', '06', '00', '07', '00', 0, 1, 2, 'interna', 2779),
(2865, 'Prueba Semana', 'John Jairo', '231', 'Sistemas', '18-08-2015', '06', '00', '07', '00', 0, 1, 2, 'interna', 2779),
(2866, 'Prueba Semana', 'John Jairo', '231', 'Sistemas', '19-08-2015', '06', '00', '07', '00', 0, 1, 2, 'interna', 2779),
(2867, 'Prueba Semana', 'John Jairo', '231', 'Sistemas', '20-08-2015', '06', '00', '07', '00', 0, 1, 2, 'interna', 2779),
(2868, 'Prueba Semana', 'John Jairo', '231', 'Sistemas', '21-08-2015', '06', '00', '07', '00', 0, 1, 2, 'interna', 2779),
(2869, 'Prueba Semana', 'John Jairo', '231', 'Sistemas', '22-08-2015', '06', '00', '07', '00', 0, 1, 2, 'interna', 2779),
(2870, 'Prueba Semana', 'John Jairo', '231', 'Sistemas', '23-08-2015', '06', '00', '07', '00', 0, 1, 2, 'interna', 2779),
(2871, 'Prueba Semana', 'John Jairo', '231', 'Sistemas', '24-08-2015', '06', '00', '07', '00', 0, 1, 2, 'interna', 2779),
(2872, 'Prueba Semana', 'John Jairo', '231', 'Sistemas', '25-08-2015', '06', '00', '07', '00', 0, 1, 2, 'interna', 2779),
(2873, 'Prueba Semana', 'John Jairo', '231', 'Sistemas', '26-08-2015', '06', '00', '07', '00', 0, 1, 2, 'interna', 2779),
(2874, 'Prueba Semana', 'John Jairo', '231', 'Sistemas', '27-08-2015', '06', '00', '07', '00', 0, 1, 2, 'interna', 2779),
(2875, 'Prueba Semana', 'John Jairo', '231', 'Sistemas', '28-08-2015', '06', '00', '07', '00', 0, 1, 2, 'interna', 2779),
(2876, 'Prueba Semana', 'John Jairo', '231', 'Sistemas', '29-08-2015', '06', '00', '07', '00', 0, 1, 2, 'interna', 2779),
(2877, 'Prueba Semana', 'John Jairo', '231', 'Sistemas', '30-08-2015', '06', '00', '07', '00', 0, 1, 2, 'interna', 2779),
(2878, 'Prueba Semana', 'John Jairo', '231', 'Sistemas', '31-08-2015', '06', '00', '07', '00', 0, 1, 2, 'interna', 2779),
(2879, 'Prueba Semana', 'John Jairo', '231', 'Sistemas', '01-09-2015', '06', '00', '07', '00', 0, 1, 2, 'interna', 2779),
(2880, 'Prueba Semana', 'John Jairo', '231', 'Sistemas', '02-09-2015', '06', '00', '07', '00', 0, 1, 2, 'interna', 2779),
(2881, 'Prueba Semana', 'John Jairo', '231', 'Sistemas', '03-09-2015', '06', '00', '07', '00', 0, 1, 2, 'interna', 2779),
(2882, 'Prueba Semana', 'John Jairo', '231', 'Sistemas', '04-09-2015', '06', '00', '07', '00', 0, 1, 2, 'interna', 2779),
(2883, 'Prueba Semana', 'John Jairo', '231', 'Sistemas', '05-09-2015', '06', '00', '07', '00', 0, 1, 2, 'interna', 2779),
(2884, 'Prueba Semana', 'John Jairo', '231', 'Sistemas', '06-09-2015', '06', '00', '07', '00', 0, 1, 2, 'interna', 2779),
(2885, 'Prueba Semana', 'John Jairo', '231', 'Sistemas', '07-09-2015', '06', '00', '07', '00', 0, 1, 2, 'interna', 2779),
(2886, 'Prueba Semana', 'John Jairo', '231', 'Sistemas', '08-09-2015', '06', '00', '07', '00', 0, 1, 2, 'interna', 2779),
(2887, 'Prueba Semana', 'John Jairo', '231', 'Sistemas', '09-09-2015', '06', '00', '07', '00', 0, 1, 2, 'interna', 2779),
(2888, 'Prueba Semana', 'John Jairo', '231', 'Sistemas', '10-09-2015', '06', '00', '07', '00', 0, 1, 2, 'interna', 2779),
(2889, 'Prueba Semana', 'John Jairo', '231', 'Sistemas', '11-09-2015', '06', '00', '07', '00', 0, 1, 2, 'interna', 2779),
(2890, 'Prueba Semana', 'John Jairo', '231', 'Sistemas', '12-09-2015', '06', '00', '07', '00', 0, 1, 2, 'interna', 2779),
(2891, 'Prueba Semana', 'John Jairo', '231', 'Sistemas', '13-09-2015', '06', '00', '07', '00', 0, 1, 2, 'interna', 2779),
(2892, 'Prueba Semana', 'John Jairo', '231', 'Sistemas', '14-09-2015', '06', '00', '07', '00', 0, 1, 2, 'interna', 2779),
(2893, 'Prueba Semana', 'John Jairo', '231', 'Sistemas', '15-09-2015', '06', '00', '07', '00', 0, 1, 2, 'interna', 2779),
(2894, 'Prueba Semana', 'John Jairo', '231', 'Sistemas', '16-09-2015', '06', '00', '07', '00', 0, 1, 2, 'interna', 2779),
(2895, 'Prueba Semana', 'John Jairo', '231', 'Sistemas', '17-09-2015', '06', '00', '07', '00', 0, 1, 2, 'interna', 2779),
(2896, 'Prueba Semana', 'John Jairo', '231', 'Sistemas', '18-09-2015', '06', '00', '07', '00', 0, 1, 2, 'interna', 2779),
(2897, 'Prueba Semana', 'John Jairo', '231', 'Sistemas', '19-09-2015', '06', '00', '07', '00', 0, 1, 2, 'interna', 2779),
(2898, 'Prueba Semana', 'John Jairo', '231', 'Sistemas', '20-09-2015', '06', '00', '07', '00', 0, 1, 2, 'interna', 2779),
(2899, 'Prueba Semana', 'John Jairo', '231', 'Sistemas', '21-09-2015', '06', '00', '07', '00', 0, 1, 2, 'interna', 2779),
(2900, 'Prueba Semana', 'John Jairo', '231', 'Sistemas', '22-09-2015', '06', '00', '07', '00', 0, 1, 2, 'interna', 2779),
(2901, 'Prueba Semana', 'John Jairo', '231', 'Sistemas', '23-09-2015', '06', '00', '07', '00', 0, 1, 2, 'interna', 2779),
(2902, 'Prueba Semana', 'John Jairo', '231', 'Sistemas', '24-09-2015', '06', '00', '07', '00', 0, 1, 2, 'interna', 2779),
(2903, 'Prueba Semana', 'John Jairo', '231', 'Sistemas', '25-09-2015', '06', '00', '07', '00', 0, 1, 2, 'interna', 2779),
(2904, 'Prueba Semana', 'John Jairo', '231', 'Sistemas', '26-09-2015', '06', '00', '07', '00', 0, 1, 2, 'interna', 2779),
(2905, 'Prueba Semana', 'John Jairo', '231', 'Sistemas', '27-09-2015', '06', '00', '07', '00', 0, 1, 2, 'interna', 2779),
(2906, 'Prueba Semana', 'John Jairo', '231', 'Sistemas', '28-09-2015', '06', '00', '07', '00', 0, 1, 2, 'interna', 2779),
(2907, 'Prueba Semana', 'John Jairo', '231', 'Sistemas', '29-09-2015', '06', '00', '07', '00', 0, 1, 2, 'interna', 2779),
(2908, 'Prueba Semana', 'John Jairo', '231', 'Sistemas', '30-09-2015', '06', '00', '07', '00', 0, 1, 2, 'interna', 2779),
(2909, 'Prueba Semana', 'John Jairo', '231', 'Sistemas', '01-10-2015', '06', '00', '07', '00', 0, 1, 2, 'interna', 2779),
(2910, 'Prueba Semana', 'John Jairo', '231', 'Sistemas', '02-10-2015', '06', '00', '07', '00', 0, 1, 2, 'interna', 2779),
(2911, 'Prueba Semana', 'John Jairo', '231', 'Sistemas', '03-10-2015', '06', '00', '07', '00', 0, 1, 2, 'interna', 2779),
(2912, 'Prueba Semana', 'John Jairo', '231', 'Sistemas', '04-10-2015', '06', '00', '07', '00', 0, 1, 2, 'interna', 2779),
(2913, 'Prueba Semana', 'John Jairo', '231', 'Sistemas', '05-10-2015', '06', '00', '07', '00', 0, 1, 2, 'interna', 2779),
(2914, 'Prueba Semana', 'John Jairo', '231', 'Sistemas', '06-10-2015', '06', '00', '07', '00', 0, 1, 2, 'interna', 2779),
(2915, 'Prueba Semana', 'John Jairo', '231', 'Sistemas', '07-10-2015', '06', '00', '07', '00', 0, 1, 2, 'interna', 2779),
(2916, 'Prueba Semana', 'John Jairo', '231', 'Sistemas', '08-10-2015', '06', '00', '07', '00', 0, 1, 2, 'interna', 2779),
(2917, 'Prueba Semana', 'John Jairo', '231', 'Sistemas', '09-10-2015', '06', '00', '07', '00', 0, 1, 2, 'interna', 2779),
(2918, 'Prueba Semana', 'John Jairo', '231', 'Sistemas', '10-10-2015', '06', '00', '07', '00', 0, 1, 2, 'interna', 2779),
(2919, 'Prueba Semana', 'John Jairo', '231', 'Sistemas', '11-10-2015', '06', '00', '07', '00', 0, 1, 2, 'interna', 2779),
(2920, 'Prueba Semana', 'John Jairo', '231', 'Sistemas', '12-10-2015', '06', '00', '07', '00', 0, 1, 2, 'interna', 2779),
(2921, 'Prueba Semana', 'John Jairo', '231', 'Sistemas', '13-10-2015', '06', '00', '07', '00', 0, 1, 2, 'interna', 2779),
(2922, 'Prueba Semana', 'John Jairo', '231', 'Sistemas', '14-10-2015', '06', '00', '07', '00', 0, 1, 2, 'interna', 2779),
(2923, 'Prueba Semana', 'John Jairo', '231', 'Sistemas', '15-10-2015', '06', '00', '07', '00', 0, 1, 2, 'interna', 2779),
(2924, 'Prueba Semana', 'John Jairo', '231', 'Sistemas', '16-10-2015', '06', '00', '07', '00', 0, 1, 2, 'interna', 2779),
(2925, 'Prueba Semana', 'John Jairo', '231', 'Sistemas', '17-10-2015', '06', '00', '07', '00', 0, 1, 2, 'interna', 2779),
(2926, 'Prueba Semana', 'John Jairo', '231', 'Sistemas', '18-10-2015', '06', '00', '07', '00', 0, 1, 2, 'interna', 2779),
(2927, 'Prueba Semana', 'John Jairo', '231', 'Sistemas', '19-10-2015', '06', '00', '07', '00', 0, 1, 2, 'interna', 2779),
(2928, 'Prueba Semana', 'John Jairo', '231', 'Sistemas', '20-10-2015', '06', '00', '07', '00', 0, 1, 2, 'interna', 2779),
(2929, 'Prueba Semana', 'John Jairo', '231', 'Sistemas', '21-10-2015', '06', '00', '07', '00', 0, 1, 2, 'interna', 2779),
(2930, 'Prueba Semana', 'John Jairo', '231', 'Sistemas', '22-10-2015', '06', '00', '07', '00', 0, 1, 2, 'interna', 2779),
(2931, 'Prueba Semana', 'John Jairo', '231', 'Sistemas', '23-10-2015', '06', '00', '07', '00', 0, 1, 2, 'interna', 2779),
(2932, 'Prueba Semana', 'John Jairo', '231', 'Sistemas', '24-10-2015', '06', '00', '07', '00', 0, 1, 2, 'interna', 2779),
(2933, 'Prueba Semana', 'John Jairo', '231', 'Sistemas', '25-10-2015', '06', '00', '07', '00', 0, 1, 2, 'interna', 2779),
(2934, 'Prueba Semana', 'John Jairo', '231', 'Sistemas', '26-10-2015', '06', '00', '07', '00', 0, 1, 2, 'interna', 2779),
(2935, 'Prueba Semana', 'John Jairo', '231', 'Sistemas', '27-10-2015', '06', '00', '07', '00', 0, 1, 2, 'interna', 2779),
(2936, 'Prueba Semana', 'John Jairo', '231', 'Sistemas', '28-10-2015', '06', '00', '07', '00', 0, 1, 2, 'interna', 2779),
(2937, 'Prueba Semana', 'John Jairo', '231', 'Sistemas', '29-10-2015', '06', '00', '07', '00', 0, 1, 2, 'interna', 2779),
(2938, 'Prueba Semana', 'John Jairo', '231', 'Sistemas', '30-10-2015', '06', '00', '07', '00', 0, 1, 2, 'interna', 2779),
(2939, 'Prueba Semana', 'John Jairo', '231', 'Sistemas', '31-10-2015', '06', '00', '07', '00', 0, 1, 2, 'interna', 2779),
(2940, 'Prueba Semana', 'John Jairo', '231', 'Sistemas', '01-11-2015', '06', '00', '07', '00', 0, 1, 2, 'interna', 2779),
(2941, 'Prueba Semana', 'John Jairo', '231', 'Sistemas', '02-11-2015', '06', '00', '07', '00', 0, 1, 2, 'interna', 2779),
(2942, 'Prueba Semana', 'John Jairo', '231', 'Sistemas', '03-11-2015', '06', '00', '07', '00', 0, 1, 2, 'interna', 2779),
(2943, 'Prueba Semana', 'John Jairo', '231', 'Sistemas', '04-11-2015', '06', '00', '07', '00', 0, 1, 2, 'interna', 2779),
(2944, 'Prueba Semana', 'John Jairo', '231', 'Sistemas', '05-11-2015', '06', '00', '07', '00', 0, 1, 2, 'interna', 2779),
(2945, 'Prueba Semana', 'John Jairo', '231', 'Sistemas', '06-11-2015', '06', '00', '07', '00', 0, 1, 2, 'interna', 2779),
(2946, 'Prueba Semana', 'John Jairo', '231', 'Sistemas', '07-11-2015', '06', '00', '07', '00', 0, 1, 2, 'interna', 2779),
(2947, 'Prueba Semana', 'John Jairo', '231', 'Sistemas', '08-11-2015', '06', '00', '07', '00', 0, 1, 2, 'interna', 2779),
(2948, 'Prueba Semana', 'John Jairo', '231', 'Sistemas', '09-11-2015', '06', '00', '07', '00', 0, 1, 2, 'interna', 2779),
(2949, 'Prueba Semana', 'John Jairo', '231', 'Sistemas', '10-11-2015', '06', '00', '07', '00', 0, 1, 2, 'interna', 2779),
(2950, 'Prueba Semana', 'John Jairo', '231', 'Sistemas', '11-11-2015', '06', '00', '07', '00', 0, 1, 2, 'interna', 2779),
(2951, 'Prueba Semana', 'John Jairo', '231', 'Sistemas', '12-11-2015', '06', '00', '07', '00', 0, 1, 2, 'interna', 2779),
(2952, 'Prueba Semana', 'John Jairo', '231', 'Sistemas', '13-11-2015', '06', '00', '07', '00', 0, 1, 2, 'interna', 2779),
(2953, 'Prueba Semana', 'John Jairo', '231', 'Sistemas', '14-11-2015', '06', '00', '07', '00', 0, 1, 2, 'interna', 2779),
(2954, 'Prueba Semana', 'John Jairo', '231', 'Sistemas', '15-11-2015', '06', '00', '07', '00', 0, 1, 2, 'interna', 2779),
(2955, 'Prueba Semana', 'John Jairo', '231', 'Sistemas', '16-11-2015', '06', '00', '07', '00', 0, 1, 2, 'interna', 2779),
(2956, 'Prueba Semana', 'John Jairo', '231', 'Sistemas', '17-11-2015', '06', '00', '07', '00', 0, 1, 2, 'interna', 2779),
(2957, 'Prueba Semana', 'John Jairo', '231', 'Sistemas', '18-11-2015', '06', '00', '07', '00', 0, 1, 2, 'interna', 2779),
(2958, 'Prueba Semana', 'John Jairo', '231', 'Sistemas', '19-11-2015', '06', '00', '07', '00', 0, 1, 2, 'interna', 2779),
(2959, 'Prueba Semana', 'John Jairo', '231', 'Sistemas', '20-11-2015', '06', '00', '07', '00', 0, 1, 2, 'interna', 2779),
(2960, 'Prueba Semana', 'John Jairo', '231', 'Sistemas', '21-11-2015', '06', '00', '07', '00', 0, 1, 2, 'interna', 2779),
(2961, 'Prueba Semana', 'John Jairo', '231', 'Sistemas', '22-11-2015', '06', '00', '07', '00', 0, 1, 2, 'interna', 2779),
(2962, 'Prueba Semana', 'John Jairo', '231', 'Sistemas', '23-11-2015', '06', '00', '07', '00', 0, 1, 2, 'interna', 2779),
(2963, 'Prueba Semana', 'John Jairo', '231', 'Sistemas', '24-11-2015', '06', '00', '07', '00', 0, 1, 2, 'interna', 2779),
(2964, 'Prueba Semana', 'John Jairo', '231', 'Sistemas', '25-11-2015', '06', '00', '07', '00', 0, 1, 2, 'interna', 2779),
(2965, 'Prueba Semana', 'John Jairo', '231', 'Sistemas', '26-11-2015', '06', '00', '07', '00', 0, 1, 2, 'interna', 2779);
INSERT INTO `reserva` (`idReserva`, `resEvento`, `resResponsable`, `resExtension`, `resUnidad`, `resFecha`, `resH`, `resM`, `resDurH`, `resDurM`, `resAllDay`, `idEdificio`, `idSalas`, `resTipo`, `idRepeticion`) VALUES
(2966, 'Prueba Semana', 'John Jairo', '231', 'Sistemas', '27-11-2015', '06', '00', '07', '00', 0, 1, 2, 'interna', 2779),
(2967, 'Prueba Semana', 'John Jairo', '231', 'Sistemas', '28-11-2015', '06', '00', '07', '00', 0, 1, 2, 'interna', 2779),
(2968, 'Prueba Semana', 'John Jairo', '231', 'Sistemas', '29-11-2015', '06', '00', '07', '00', 0, 1, 2, 'interna', 2779),
(2969, 'Prueba Semana', 'John Jairo', '231', 'Sistemas', '30-11-2015', '06', '00', '07', '00', 0, 1, 2, 'interna', 2779),
(2970, 'Prueba Semana', 'John Jairo', '231', 'Sistemas', '01-12-2015', '06', '00', '07', '00', 0, 1, 2, 'interna', 2779),
(2971, 'Prueba Semana', 'John Jairo', '231', 'Sistemas', '02-12-2015', '06', '00', '07', '00', 0, 1, 2, 'interna', 2779),
(2972, 'Prueba Semana', 'John Jairo', '231', 'Sistemas', '03-12-2015', '06', '00', '07', '00', 0, 1, 2, 'interna', 2779),
(2973, 'Prueba Semana', 'John Jairo', '231', 'Sistemas', '04-12-2015', '06', '00', '07', '00', 0, 1, 2, 'interna', 2779),
(2974, 'Prueba Semana', 'John Jairo', '231', 'Sistemas', '05-12-2015', '06', '00', '07', '00', 0, 1, 2, 'interna', 2779),
(2975, 'Prueba Semana', 'John Jairo', '231', 'Sistemas', '06-12-2015', '06', '00', '07', '00', 0, 1, 2, 'interna', 2779),
(2976, 'Prueba Semana', 'John Jairo', '231', 'Sistemas', '07-12-2015', '06', '00', '07', '00', 0, 1, 2, 'interna', 2779),
(2977, 'Prueba Semana', 'John Jairo', '231', 'Sistemas', '08-12-2015', '06', '00', '07', '00', 0, 1, 2, 'interna', 2779),
(2978, 'Prueba Semana', 'John Jairo', '231', 'Sistemas', '09-12-2015', '06', '00', '07', '00', 0, 1, 2, 'interna', 2779),
(2979, 'Prueba Semana', 'John Jairo', '231', 'Sistemas', '10-12-2015', '06', '00', '07', '00', 0, 1, 2, 'interna', 2779),
(2980, 'Prueba Semana', 'John Jairo', '231', 'Sistemas', '11-12-2015', '06', '00', '07', '00', 0, 1, 2, 'interna', 2779),
(2981, 'Prueba Semana', 'John Jairo', '231', 'Sistemas', '12-12-2015', '06', '00', '07', '00', 0, 1, 2, 'interna', 2779),
(2982, 'Prueba Semana', 'John Jairo', '231', 'Sistemas', '13-12-2015', '06', '00', '07', '00', 0, 1, 2, 'interna', 2779),
(2983, 'Prueba Semana', 'John Jairo', '231', 'Sistemas', '14-12-2015', '06', '00', '07', '00', 0, 1, 2, 'interna', 2779),
(2984, 'Prueba Semana', 'John Jairo', '231', 'Sistemas', '15-12-2015', '06', '00', '07', '00', 0, 1, 2, 'interna', 2779),
(2985, 'Prueba Semana', 'John Jairo', '231', 'Sistemas', '16-12-2015', '06', '00', '07', '00', 0, 1, 2, 'interna', 2779),
(2986, 'Prueba Semana', 'John Jairo', '231', 'Sistemas', '17-12-2015', '06', '00', '07', '00', 0, 1, 2, 'interna', 2779),
(2987, 'Prueba Semana', 'John Jairo', '231', 'Sistemas', '18-12-2015', '06', '00', '07', '00', 0, 1, 2, 'interna', 2779),
(2988, 'Prueba Semana', 'John Jairo', '231', 'Sistemas', '19-12-2015', '06', '00', '07', '00', 0, 1, 2, 'interna', 2779),
(2989, 'Prueba Semana', 'John Jairo', '231', 'Sistemas', '20-12-2015', '06', '00', '07', '00', 0, 1, 2, 'interna', 2779),
(2990, 'Prueba Semana', 'John Jairo', '231', 'Sistemas', '21-12-2015', '06', '00', '07', '00', 0, 1, 2, 'interna', 2779),
(2991, 'Prueba Semana', 'John Jairo', '231', 'Sistemas', '22-12-2015', '06', '00', '07', '00', 0, 1, 2, 'interna', 2779),
(2992, 'Prueba Semana', 'John Jairo', '231', 'Sistemas', '23-12-2015', '06', '00', '07', '00', 0, 1, 2, 'interna', 2779),
(2993, 'Prueba Semana', 'John Jairo', '231', 'Sistemas', '24-12-2015', '06', '00', '07', '00', 0, 1, 2, 'interna', 2779),
(2994, 'Prueba Semana', 'John Jairo', '231', 'Sistemas', '25-12-2015', '06', '00', '07', '00', 0, 1, 2, 'interna', 2779),
(2995, 'Prueba Semana', 'John Jairo', '231', 'Sistemas', '26-12-2015', '06', '00', '07', '00', 0, 1, 2, 'interna', 2779),
(2996, 'Prueba Semana', 'John Jairo', '231', 'Sistemas', '27-12-2015', '06', '00', '07', '00', 0, 1, 2, 'interna', 2779),
(2997, 'Prueba Semana', 'John Jairo', '231', 'Sistemas', '28-12-2015', '06', '00', '07', '00', 0, 1, 2, 'interna', 2779),
(2998, 'Prueba Semana', 'John Jairo', '231', 'Sistemas', '29-12-2015', '06', '00', '07', '00', 0, 1, 2, 'interna', 2779),
(2999, 'Prueba Semana', 'John Jairo', '231', 'Sistemas', '30-12-2015', '06', '00', '07', '00', 0, 1, 2, 'interna', 2779),
(3000, 'Prueba Semana', 'John Jairo', '231', 'Sistemas', '31-12-2015', '06', '00', '07', '00', 0, 1, 2, 'interna', 2779),
(3001, 'Prueba Semana', 'John Jairo', '231', 'Sistemas', '01-01-2016', '06', '00', '07', '00', 0, 1, 2, 'interna', 2779),
(3002, 'Prueba Semana', 'John Jairo', '231', 'Sistemas', '02-01-2016', '06', '00', '07', '00', 0, 1, 2, 'interna', 2779),
(3003, 'Prueba Semana', 'John Jairo', '231', 'Sistemas', '03-01-2016', '06', '00', '07', '00', 0, 1, 2, 'interna', 2779),
(3004, 'Prueba Semana', 'John Jairo', '231', 'Sistemas', '04-01-2016', '06', '00', '07', '00', 0, 1, 2, 'interna', 2779),
(3005, 'Prueba Semana', 'John Jairo', '231', 'Sistemas', '05-01-2016', '06', '00', '07', '00', 0, 1, 2, 'interna', 2779),
(3006, 'Prueba Semana', 'John Jairo', '231', 'Sistemas', '06-01-2016', '06', '00', '07', '00', 0, 1, 2, 'interna', 2779),
(3007, 'Prueba Semana', 'John Jairo', '231', 'Sistemas', '07-01-2016', '06', '00', '07', '00', 0, 1, 2, 'interna', 2779),
(3008, 'Prueba Semana', 'John Jairo', '231', 'Sistemas', '08-01-2016', '06', '00', '07', '00', 0, 1, 2, 'interna', 2779),
(3009, 'Prueba Semana', 'John Jairo', '231', 'Sistemas', '09-01-2016', '06', '00', '07', '00', 0, 1, 2, 'interna', 2779),
(3010, 'Prueba Semana', 'John Jairo', '231', 'Sistemas', '10-01-2016', '06', '00', '07', '00', 0, 1, 2, 'interna', 2779),
(3011, 'Prueba Semana', 'John Jairo', '231', 'Sistemas', '11-01-2016', '06', '00', '07', '00', 0, 1, 2, 'interna', 2779),
(3012, 'Prueba Semana', 'John Jairo', '231', 'Sistemas', '12-01-2016', '06', '00', '07', '00', 0, 1, 2, 'interna', 2779),
(3013, 'Prueba Semana', 'John Jairo', '231', 'Sistemas', '13-01-2016', '06', '00', '07', '00', 0, 1, 2, 'interna', 2779),
(3014, 'Prueba Semana', 'John Jairo', '231', 'Sistemas', '14-01-2016', '06', '00', '07', '00', 0, 1, 2, 'interna', 2779),
(3015, 'Prueba Semana', 'John Jairo', '231', 'Sistemas', '15-01-2016', '06', '00', '07', '00', 0, 1, 2, 'interna', 2779),
(3016, 'Prueba Semana', 'John Jairo', '231', 'Sistemas', '16-01-2016', '06', '00', '07', '00', 0, 1, 2, 'interna', 2779),
(3017, 'Prueba Semana', 'John Jairo', '231', 'Sistemas', '17-01-2016', '06', '00', '07', '00', 0, 1, 2, 'interna', 2779),
(3018, 'Prueba Semana', 'John Jairo', '231', 'Sistemas', '18-01-2016', '06', '00', '07', '00', 0, 1, 2, 'interna', 2779),
(3019, 'Prueba Semana', 'John Jairo', '231', 'Sistemas', '19-01-2016', '06', '00', '07', '00', 0, 1, 2, 'interna', 2779),
(3020, 'Prueba Semana', 'John Jairo', '231', 'Sistemas', '20-01-2016', '06', '00', '07', '00', 0, 1, 2, 'interna', 2779),
(3021, 'Prueba Semana', 'John Jairo', '231', 'Sistemas', '21-01-2016', '06', '00', '07', '00', 0, 1, 2, 'interna', 2779),
(3022, 'Prueba Semana', 'John Jairo', '231', 'Sistemas', '22-01-2016', '06', '00', '07', '00', 0, 1, 2, 'interna', 2779),
(3023, 'Prueba Semana', 'John Jairo', '231', 'Sistemas', '23-01-2016', '06', '00', '07', '00', 0, 1, 2, 'interna', 2779),
(3024, 'Prueba Semana', 'John Jairo', '231', 'Sistemas', '24-01-2016', '06', '00', '07', '00', 0, 1, 2, 'interna', 2779),
(3025, 'Prueba Semana', 'John Jairo', '231', 'Sistemas', '25-01-2016', '06', '00', '07', '00', 0, 1, 2, 'interna', 2779),
(3026, 'Prueba Semana', 'John Jairo', '231', 'Sistemas', '26-01-2016', '06', '00', '07', '00', 0, 1, 2, 'interna', 2779),
(3027, 'Prueba Semana', 'John Jairo', '231', 'Sistemas', '27-01-2016', '06', '00', '07', '00', 0, 1, 2, 'interna', 2779),
(3028, 'Prueba Semana', 'John Jairo', '231', 'Sistemas', '28-01-2016', '06', '00', '07', '00', 0, 1, 2, 'interna', 2779),
(3029, 'Prueba Semana', 'John Jairo', '231', 'Sistemas', '29-01-2016', '06', '00', '07', '00', 0, 1, 2, 'interna', 2779),
(3030, 'Prueba Semana', 'John Jairo', '231', 'Sistemas', '30-01-2016', '06', '00', '07', '00', 0, 1, 2, 'interna', 2779),
(3031, 'Prueba Semana', 'John Jairo', '231', 'Sistemas', '31-01-2016', '06', '00', '07', '00', 0, 1, 2, 'interna', 2779),
(3032, 'Prueba Semana', 'John Jairo', '231', 'Sistemas', '01-02-2016', '06', '00', '07', '00', 0, 1, 2, 'interna', 2779),
(3033, 'Prueba Semana', 'John Jairo', '231', 'Sistemas', '02-02-2016', '06', '00', '07', '00', 0, 1, 2, 'interna', 2779),
(3034, 'Prueba Semana', 'John Jairo', '231', 'Sistemas', '03-02-2016', '06', '00', '07', '00', 0, 1, 2, 'interna', 2779),
(3035, 'Prueba Semana', 'John Jairo', '231', 'Sistemas', '04-02-2016', '06', '00', '07', '00', 0, 1, 2, 'interna', 2779),
(3036, 'Prueba Semana', 'John Jairo', '231', 'Sistemas', '05-02-2016', '06', '00', '07', '00', 0, 1, 2, 'interna', 2779),
(3037, 'Prueba Semana', 'John Jairo', '231', 'Sistemas', '06-02-2016', '06', '00', '07', '00', 0, 1, 2, 'interna', 2779),
(3038, 'Prueba Semana', 'John Jairo', '231', 'Sistemas', '07-02-2016', '06', '00', '07', '00', 0, 1, 2, 'interna', 2779),
(3039, 'Prueba Semana', 'John Jairo', '231', 'Sistemas', '08-02-2016', '06', '00', '07', '00', 0, 1, 2, 'interna', 2779),
(3040, 'Prueba Semana', 'John Jairo', '231', 'Sistemas', '09-02-2016', '06', '00', '07', '00', 0, 1, 2, 'interna', 2779),
(3041, 'Prueba Semana', 'John Jairo', '231', 'Sistemas', '10-02-2016', '06', '00', '07', '00', 0, 1, 2, 'interna', 2779),
(3042, 'Prueba Semana', 'John Jairo', '231', 'Sistemas', '11-02-2016', '06', '00', '07', '00', 0, 1, 2, 'interna', 2779),
(3043, 'Prueba Semana', 'John Jairo', '231', 'Sistemas', '12-02-2016', '06', '00', '07', '00', 0, 1, 2, 'interna', 2779),
(3044, 'Prueba Semana', 'John Jairo', '231', 'Sistemas', '13-02-2016', '06', '00', '07', '00', 0, 1, 2, 'interna', 2779),
(3045, 'Prueba Semana', 'John Jairo', '231', 'Sistemas', '14-02-2016', '06', '00', '07', '00', 0, 1, 2, 'interna', 2779),
(3046, 'Prueba Semana', 'John Jairo', '231', 'Sistemas', '15-02-2016', '06', '00', '07', '00', 0, 1, 2, 'interna', 2779),
(3047, 'Prueba Semana', 'John Jairo', '231', 'Sistemas', '16-02-2016', '06', '00', '07', '00', 0, 1, 2, 'interna', 2779),
(3048, 'Prueba Semana', 'John Jairo', '231', 'Sistemas', '17-02-2016', '06', '00', '07', '00', 0, 1, 2, 'interna', 2779),
(3049, 'Prueba Semana', 'John Jairo', '231', 'Sistemas', '18-02-2016', '06', '00', '07', '00', 0, 1, 2, 'interna', 2779),
(3050, 'Prueba Semana', 'John Jairo', '231', 'Sistemas', '19-02-2016', '06', '00', '07', '00', 0, 1, 2, 'interna', 2779),
(3051, 'Prueba Semana', 'John Jairo', '231', 'Sistemas', '20-02-2016', '06', '00', '07', '00', 0, 1, 2, 'interna', 2779),
(3052, 'Prueba Semana', 'John Jairo', '231', 'Sistemas', '21-02-2016', '06', '00', '07', '00', 0, 1, 2, 'interna', 2779),
(3053, 'Prueba Semana', 'John Jairo', '231', 'Sistemas', '22-02-2016', '06', '00', '07', '00', 0, 1, 2, 'interna', 2779),
(3054, 'Prueba Semana', 'John Jairo', '231', 'Sistemas', '23-02-2016', '06', '00', '07', '00', 0, 1, 2, 'interna', 2779),
(3055, 'Prueba Semana', 'John Jairo', '231', 'Sistemas', '24-02-2016', '06', '00', '07', '00', 0, 1, 2, 'interna', 2779),
(3056, 'Prueba Semana', 'John Jairo', '231', 'Sistemas', '25-02-2016', '06', '00', '07', '00', 0, 1, 2, 'interna', 2779),
(3057, 'Prueba Semana', 'John Jairo', '231', 'Sistemas', '26-02-2016', '06', '00', '07', '00', 0, 1, 2, 'interna', 2779),
(3058, 'Prueba Semana', 'John Jairo', '231', 'Sistemas', '27-02-2016', '06', '00', '07', '00', 0, 1, 2, 'interna', 2779),
(3059, 'Prueba Semana', 'John Jairo', '231', 'Sistemas', '28-02-2016', '06', '00', '07', '00', 0, 1, 2, 'interna', 2779),
(3060, 'Prueba Semana', 'John Jairo', '231', 'Sistemas', '29-02-2016', '06', '00', '07', '00', 0, 1, 2, 'interna', 2779),
(3061, 'Prueba Semana', 'John Jairo', '231', 'Sistemas', '01-03-2016', '06', '00', '07', '00', 0, 1, 2, 'interna', 2779),
(3062, 'Prueba Semana', 'John Jairo', '231', 'Sistemas', '02-03-2016', '06', '00', '07', '00', 0, 1, 2, 'interna', 2779),
(3063, 'Prueba Semana', 'John Jairo', '231', 'Sistemas', '03-03-2016', '06', '00', '07', '00', 0, 1, 2, 'interna', 2779),
(3064, 'Prueba Semana', 'John Jairo', '231', 'Sistemas', '04-03-2016', '06', '00', '07', '00', 0, 1, 2, 'interna', 2779),
(3065, 'Prueba Semana', 'John Jairo', '231', 'Sistemas', '05-03-2016', '06', '00', '07', '00', 0, 1, 2, 'interna', 2779),
(3066, 'Prueba Semana', 'John Jairo', '231', 'Sistemas', '06-03-2016', '06', '00', '07', '00', 0, 1, 2, 'interna', 2779),
(3067, 'Prueba Semana', 'John Jairo', '231', 'Sistemas', '07-03-2016', '06', '00', '07', '00', 0, 1, 2, 'interna', 2779),
(3068, 'Prueba Semana', 'John Jairo', '231', 'Sistemas', '08-03-2016', '06', '00', '07', '00', 0, 1, 2, 'interna', 2779),
(3069, 'Prueba Semana', 'John Jairo', '231', 'Sistemas', '09-03-2016', '06', '00', '07', '00', 0, 1, 2, 'interna', 2779),
(3070, 'Prueba Semana', 'John Jairo', '231', 'Sistemas', '10-03-2016', '06', '00', '07', '00', 0, 1, 2, 'interna', 2779),
(3071, 'Prueba Semana', 'John Jairo', '231', 'Sistemas', '11-03-2016', '06', '00', '07', '00', 0, 1, 2, 'interna', 2779),
(3072, 'Prueba Semana', 'John Jairo', '231', 'Sistemas', '12-03-2016', '06', '00', '07', '00', 0, 1, 2, 'interna', 2779),
(3073, 'Prueba Semana', 'John Jairo', '231', 'Sistemas', '13-03-2016', '06', '00', '07', '00', 0, 1, 2, 'interna', 2779),
(3074, 'Prueba Semana', 'John Jairo', '231', 'Sistemas', '14-03-2016', '06', '00', '07', '00', 0, 1, 2, 'interna', 2779),
(3075, 'Prueba Semana', 'John Jairo', '231', 'Sistemas', '15-03-2016', '06', '00', '07', '00', 0, 1, 2, 'interna', 2779),
(3076, 'Prueba Semana', 'John Jairo', '231', 'Sistemas', '16-03-2016', '06', '00', '07', '00', 0, 1, 2, 'interna', 2779),
(3077, 'Prueba Semana', 'John Jairo', '231', 'Sistemas', '17-03-2016', '06', '00', '07', '00', 0, 1, 2, 'interna', 2779),
(3078, 'Prueba Semana', 'John Jairo', '231', 'Sistemas', '18-03-2016', '06', '00', '07', '00', 0, 1, 2, 'interna', 2779),
(3079, 'Prueba Semana', 'John Jairo', '231', 'Sistemas', '19-03-2016', '06', '00', '07', '00', 0, 1, 2, 'interna', 2779),
(3080, 'Prueba Semana', 'John Jairo', '231', 'Sistemas', '20-03-2016', '06', '00', '07', '00', 0, 1, 2, 'interna', 2779),
(3081, 'Prueba Semana', 'John Jairo', '231', 'Sistemas', '21-03-2016', '06', '00', '07', '00', 0, 1, 2, 'interna', 2779),
(3082, 'Prueba Semana', 'John Jairo', '231', 'Sistemas', '22-03-2016', '06', '00', '07', '00', 0, 1, 2, 'interna', 2779),
(3083, 'Prueba Semana', 'John Jairo', '231', 'Sistemas', '23-03-2016', '06', '00', '07', '00', 0, 1, 2, 'interna', 2779),
(3084, 'Prueba Semana', 'John Jairo', '231', 'Sistemas', '24-03-2016', '06', '00', '07', '00', 0, 1, 2, 'interna', 2779),
(3085, 'Prueba Semana', 'John Jairo', '231', 'Sistemas', '25-03-2016', '06', '00', '07', '00', 0, 1, 2, 'interna', 2779),
(3086, 'Prueba Semana', 'John Jairo', '231', 'Sistemas', '26-03-2016', '06', '00', '07', '00', 0, 1, 2, 'interna', 2779),
(3087, 'Prueba Semana', 'John Jairo', '231', 'Sistemas', '27-03-2016', '06', '00', '07', '00', 0, 1, 2, 'interna', 2779),
(3088, 'Prueba Semana', 'John Jairo', '231', 'Sistemas', '28-03-2016', '06', '00', '07', '00', 0, 1, 2, 'interna', 2779),
(3089, 'Prueba Semana', 'John Jairo', '231', 'Sistemas', '29-03-2016', '06', '00', '07', '00', 0, 1, 2, 'interna', 2779),
(3090, 'Prueba Semana', 'John Jairo', '231', 'Sistemas', '30-03-2016', '06', '00', '07', '00', 0, 1, 2, 'interna', 2779),
(3091, 'Prueba Semana', 'John Jairo', '231', 'Sistemas', '31-03-2016', '06', '00', '07', '00', 0, 1, 2, 'interna', 2779),
(3092, 'Prueba Semana', 'John Jairo', '231', 'Sistemas', '01-04-2016', '06', '00', '07', '00', 0, 1, 2, 'interna', 2779),
(3093, 'Prueba Semana', 'John Jairo', '231', 'Sistemas', '02-04-2016', '06', '00', '07', '00', 0, 1, 2, 'interna', 2779),
(3094, 'Prueba Semana', 'John Jairo', '231', 'Sistemas', '03-04-2016', '06', '00', '07', '00', 0, 1, 2, 'interna', 2779),
(3095, 'Prueba Semana', 'John Jairo', '231', 'Sistemas', '04-04-2016', '06', '00', '07', '00', 0, 1, 2, 'interna', 2779),
(3096, 'Prueba Semana', 'John Jairo', '231', 'Sistemas', '05-04-2016', '06', '00', '07', '00', 0, 1, 2, 'interna', 2779),
(3097, 'Prueba Semana', 'John Jairo', '231', 'Sistemas', '06-04-2016', '06', '00', '07', '00', 0, 1, 2, 'interna', 2779),
(3098, 'Prueba Semana', 'John Jairo', '231', 'Sistemas', '07-04-2016', '06', '00', '07', '00', 0, 1, 2, 'interna', 2779),
(3099, 'Prueba Semana', 'John Jairo', '231', 'Sistemas', '08-04-2016', '06', '00', '07', '00', 0, 1, 2, 'interna', 2779),
(3100, 'Prueba Semana', 'John Jairo', '231', 'Sistemas', '09-04-2016', '06', '00', '07', '00', 0, 1, 2, 'interna', 2779),
(3101, 'Prueba Semana', 'John Jairo', '231', 'Sistemas', '10-04-2016', '06', '00', '07', '00', 0, 1, 2, 'interna', 2779),
(3102, 'Prueba Semana', 'John Jairo', '231', 'Sistemas', '11-04-2016', '06', '00', '07', '00', 0, 1, 2, 'interna', 2779),
(3103, 'Prueba Semana', 'John Jairo', '231', 'Sistemas', '12-04-2016', '06', '00', '07', '00', 0, 1, 2, 'interna', 2779),
(3104, 'Prueba Semana', 'John Jairo', '231', 'Sistemas', '13-04-2016', '06', '00', '07', '00', 0, 1, 2, 'interna', 2779),
(3105, 'Prueba Semana', 'John Jairo', '231', 'Sistemas', '14-04-2016', '06', '00', '07', '00', 0, 1, 2, 'interna', 2779),
(3106, 'Prueba Semana', 'John Jairo', '231', 'Sistemas', '15-04-2016', '06', '00', '07', '00', 0, 1, 2, 'interna', 2779),
(3107, 'Prueba Semana', 'John Jairo', '231', 'Sistemas', '16-04-2016', '06', '00', '07', '00', 0, 1, 2, 'interna', 2779),
(3108, 'Prueba Semana', 'John Jairo', '231', 'Sistemas', '17-04-2016', '06', '00', '07', '00', 0, 1, 2, 'interna', 2779),
(3109, 'Prueba Semana', 'John Jairo', '231', 'Sistemas', '18-04-2016', '06', '00', '07', '00', 0, 1, 2, 'interna', 2779),
(3110, 'Prueba Semana', 'John Jairo', '231', 'Sistemas', '19-04-2016', '06', '00', '07', '00', 0, 1, 2, 'interna', 2779),
(3111, 'Prueba Semana', 'John Jairo', '231', 'Sistemas', '20-04-2016', '06', '00', '07', '00', 0, 1, 2, 'interna', 2779),
(3112, 'Prueba Semana', 'John Jairo', '231', 'Sistemas', '21-04-2016', '06', '00', '07', '00', 0, 1, 2, 'interna', 2779),
(3113, 'Prueba Semana', 'John Jairo', '231', 'Sistemas', '22-04-2016', '06', '00', '07', '00', 0, 1, 2, 'interna', 2779),
(3114, 'Prueba Semana', 'John Jairo', '231', 'Sistemas', '23-04-2016', '06', '00', '07', '00', 0, 1, 2, 'interna', 2779),
(3115, 'Prueba Semana', 'John Jairo', '231', 'Sistemas', '24-04-2016', '06', '00', '07', '00', 0, 1, 2, 'interna', 2779),
(3116, 'Prueba Semana', 'John Jairo', '231', 'Sistemas', '25-04-2016', '06', '00', '07', '00', 0, 1, 2, 'interna', 2779),
(3117, 'Prueba Semana', 'John Jairo', '231', 'Sistemas', '26-04-2016', '06', '00', '07', '00', 0, 1, 2, 'interna', 2779),
(3118, 'Prueba Semana', 'John Jairo', '231', 'Sistemas', '27-04-2016', '06', '00', '07', '00', 0, 1, 2, 'interna', 2779),
(3119, 'Prueba Semana', 'John Jairo', '231', 'Sistemas', '28-04-2016', '06', '00', '07', '00', 0, 1, 2, 'interna', 2779),
(3120, 'Prueba Semana', 'John Jairo', '231', 'Sistemas', '29-04-2016', '06', '00', '07', '00', 0, 1, 2, 'interna', 2779),
(3121, 'Prueba Semana', 'John Jairo', '231', 'Sistemas', '30-04-2016', '06', '00', '07', '00', 0, 1, 2, 'interna', 2779),
(3122, 'Prueba Semana', 'John Jairo', '231', 'Sistemas', '01-05-2016', '06', '00', '07', '00', 0, 1, 2, 'interna', 2779),
(3123, 'Prueba Semana', 'John Jairo', '231', 'Sistemas', '02-05-2016', '06', '00', '07', '00', 0, 1, 2, 'interna', 2779),
(3124, 'Prueba Semana', 'John Jairo', '231', 'Sistemas', '03-05-2016', '06', '00', '07', '00', 0, 1, 2, 'interna', 2779),
(3125, 'Prueba Semana', 'John Jairo', '231', 'Sistemas', '04-05-2016', '06', '00', '07', '00', 0, 1, 2, 'interna', 2779),
(3126, 'Prueba Semana', 'John Jairo', '231', 'Sistemas', '05-05-2016', '06', '00', '07', '00', 0, 1, 2, 'interna', 2779),
(3127, 'Prueba Semana', 'John Jairo', '231', 'Sistemas', '06-05-2016', '06', '00', '07', '00', 0, 1, 2, 'interna', 2779),
(3128, 'Prueba Semana', 'John Jairo', '231', 'Sistemas', '07-05-2016', '06', '00', '07', '00', 0, 1, 2, 'interna', 2779),
(3129, 'Prueba Semana', 'John Jairo', '231', 'Sistemas', '08-05-2016', '06', '00', '07', '00', 0, 1, 2, 'interna', 2779),
(3130, 'Prueba Semana', 'John Jairo', '231', 'Sistemas', '09-05-2016', '06', '00', '07', '00', 0, 1, 2, 'interna', 2779),
(3131, 'Prueba Semana', 'John Jairo', '231', 'Sistemas', '10-05-2016', '06', '00', '07', '00', 0, 1, 2, 'interna', 2779),
(3132, 'Prueba Semana', 'John Jairo', '231', 'Sistemas', '11-05-2016', '06', '00', '07', '00', 0, 1, 2, 'interna', 2779),
(3133, 'Prueba Semana', 'John Jairo', '231', 'Sistemas', '12-05-2016', '06', '00', '07', '00', 0, 1, 2, 'interna', 2779),
(3134, 'Prueba Semana', 'John Jairo', '231', 'Sistemas', '13-05-2016', '06', '00', '07', '00', 0, 1, 2, 'interna', 2779),
(3135, 'Prueba Semana', 'John Jairo', '231', 'Sistemas', '14-05-2016', '06', '00', '07', '00', 0, 1, 2, 'interna', 2779),
(3136, 'Prueba Semana', 'John Jairo', '231', 'Sistemas', '15-05-2016', '06', '00', '07', '00', 0, 1, 2, 'interna', 2779),
(3137, 'Prueba Semana', 'John Jairo', '231', 'Sistemas', '16-05-2016', '06', '00', '07', '00', 0, 1, 2, 'interna', 2779),
(3138, 'Prueba Semana', 'John Jairo', '231', 'Sistemas', '17-05-2016', '06', '00', '07', '00', 0, 1, 2, 'interna', 2779),
(3139, 'Prueba Semana', 'John Jairo', '231', 'Sistemas', '18-05-2016', '06', '00', '07', '00', 0, 1, 2, 'interna', 2779),
(3140, 'Prueba Semana', 'John Jairo', '231', 'Sistemas', '19-05-2016', '06', '00', '07', '00', 0, 1, 2, 'interna', 2779),
(3141, 'Prueba Semana', 'John Jairo', '231', 'Sistemas', '20-05-2016', '06', '00', '07', '00', 0, 1, 2, 'interna', 2779),
(3142, 'Prueba Semana', 'John Jairo', '231', 'Sistemas', '21-05-2016', '06', '00', '07', '00', 0, 1, 2, 'interna', 2779),
(3143, 'Prueba Semana', 'John Jairo', '231', 'Sistemas', '22-05-2016', '06', '00', '07', '00', 0, 1, 2, 'interna', 2779),
(3144, 'Prueba Semana', 'John Jairo', '231', 'Sistemas', '23-05-2016', '06', '00', '07', '00', 0, 1, 2, 'interna', 2779),
(3145, 'Prueba Semana', 'John Jairo', '231', 'Sistemas', '24-05-2016', '06', '00', '07', '00', 0, 1, 2, 'interna', 2779),
(3146, 'Prueba Semana', 'John Jairo', '231', 'Sistemas', '25-05-2016', '06', '00', '07', '00', 0, 1, 2, 'interna', 2779),
(3147, 'Prueba Semana', 'John Jairo', '231', 'Sistemas', '26-05-2016', '06', '00', '07', '00', 0, 1, 2, 'interna', 2779),
(3148, 'Prueba Semana', 'John Jairo', '231', 'Sistemas', '27-05-2016', '06', '00', '07', '00', 0, 1, 2, 'interna', 2779),
(3149, 'Prueba Semana', 'John Jairo', '231', 'Sistemas', '28-05-2016', '06', '00', '07', '00', 0, 1, 2, 'interna', 2779),
(3150, 'Prueba Semana', 'John Jairo', '231', 'Sistemas', '29-05-2016', '06', '00', '07', '00', 0, 1, 2, 'interna', 2779),
(3151, 'Prueba Semana', 'John Jairo', '231', 'Sistemas', '30-05-2016', '06', '00', '07', '00', 0, 1, 2, 'interna', 2779),
(3152, 'Prueba Semana', 'John Jairo', '231', 'Sistemas', '31-05-2016', '06', '00', '07', '00', 0, 1, 2, 'interna', 2779),
(3153, 'Prueba Semana', 'John Jairo', '231', 'Sistemas', '01-06-2016', '06', '00', '07', '00', 0, 1, 2, 'interna', 2779),
(3154, 'Prueba Semana', 'John Jairo', '231', 'Sistemas', '02-06-2016', '06', '00', '07', '00', 0, 1, 2, 'interna', 2779),
(3155, 'Prueba Semana', 'John Jairo', '231', 'Sistemas', '03-06-2016', '06', '00', '07', '00', 0, 1, 2, 'interna', 2779),
(3156, 'Prueba Semana', 'John Jairo', '231', 'Sistemas', '04-06-2016', '06', '00', '07', '00', 0, 1, 2, 'interna', 2779),
(3157, 'Prueba Semana', 'John Jairo', '231', 'Sistemas', '05-06-2016', '06', '00', '07', '00', 0, 1, 2, 'interna', 2779),
(3158, 'Prueba Semana', 'John Jairo', '231', 'Sistemas', '06-06-2016', '06', '00', '07', '00', 0, 1, 2, 'interna', 2779),
(3159, 'Prueba Semana', 'John Jairo', '231', 'Sistemas', '07-06-2016', '06', '00', '07', '00', 0, 1, 2, 'interna', 2779),
(3160, 'Prueba Semana', 'John Jairo', '231', 'Sistemas', '08-06-2016', '06', '00', '07', '00', 0, 1, 2, 'interna', 2779),
(3161, 'Prueba Semana', 'John Jairo', '231', 'Sistemas', '09-06-2016', '06', '00', '07', '00', 0, 1, 2, 'interna', 2779),
(3162, 'Prueba Semana', 'John Jairo', '231', 'Sistemas', '10-06-2016', '06', '00', '07', '00', 0, 1, 2, 'interna', 2779),
(3163, 'Prueba Semana', 'John Jairo', '231', 'Sistemas', '11-06-2016', '06', '00', '07', '00', 0, 1, 2, 'interna', 2779),
(3164, 'Prueba Semana', 'John Jairo', '231', 'Sistemas', '12-06-2016', '06', '00', '07', '00', 0, 1, 2, 'interna', 2779),
(3165, 'Prueba Semana', 'John Jairo', '231', 'Sistemas', '13-06-2016', '06', '00', '07', '00', 0, 1, 2, 'interna', 2779),
(3166, 'Prueba Semana', 'John Jairo', '231', 'Sistemas', '14-06-2016', '06', '00', '07', '00', 0, 1, 2, 'interna', 2779),
(3167, 'Prueba Semana', 'John Jairo', '231', 'Sistemas', '15-06-2016', '06', '00', '07', '00', 0, 1, 2, 'interna', 2779),
(3168, 'Prueba Semana', 'John Jairo', '231', 'Sistemas', '16-06-2016', '06', '00', '07', '00', 0, 1, 2, 'interna', 2779),
(3169, 'Prueba Semana', 'John Jairo', '231', 'Sistemas', '17-06-2016', '06', '00', '07', '00', 0, 1, 2, 'interna', 2779),
(3170, 'Prueba Semana', 'John Jairo', '231', 'Sistemas', '18-06-2016', '06', '00', '07', '00', 0, 1, 2, 'interna', 2779),
(3171, 'Prueba Semana', 'John Jairo', '231', 'Sistemas', '19-06-2016', '06', '00', '07', '00', 0, 1, 2, 'interna', 2779),
(3172, 'Prueba Semana', 'John Jairo', '231', 'Sistemas', '20-06-2016', '06', '00', '07', '00', 0, 1, 2, 'interna', 2779),
(3173, 'Prueba Semana', 'John Jairo', '231', 'Sistemas', '21-06-2016', '06', '00', '07', '00', 0, 1, 2, 'interna', 2779),
(3174, 'Prueba Semana', 'John Jairo', '231', 'Sistemas', '22-06-2016', '06', '00', '07', '00', 0, 1, 2, 'interna', 2779),
(3175, 'Prueba Semana', 'John Jairo', '231', 'Sistemas', '23-06-2016', '06', '00', '07', '00', 0, 1, 2, 'interna', 2779),
(3176, 'Prueba Semana', 'John Jairo', '231', 'Sistemas', '24-06-2016', '06', '00', '07', '00', 0, 1, 2, 'interna', 2779),
(3177, 'Prueba Semana', 'John Jairo', '231', 'Sistemas', '25-06-2016', '06', '00', '07', '00', 0, 1, 2, 'interna', 2779),
(3178, 'Prueba Semana', 'John Jairo', '231', 'Sistemas', '26-06-2016', '06', '00', '07', '00', 0, 1, 2, 'interna', 2779),
(3179, 'Prueba Semana', 'John Jairo', '231', 'Sistemas', '27-06-2016', '06', '00', '07', '00', 0, 1, 2, 'interna', 2779),
(3180, 'Prueba Semana', 'John Jairo', '231', 'Sistemas', '28-06-2016', '06', '00', '07', '00', 0, 1, 2, 'interna', 2779),
(3181, 'Prueba Semana', 'John Jairo', '231', 'Sistemas', '29-06-2016', '06', '00', '07', '00', 0, 1, 2, 'interna', 2779),
(3182, 'Prueba Semana', 'John Jairo', '231', 'Sistemas', '30-06-2016', '06', '00', '07', '00', 0, 1, 2, 'interna', 2779),
(3183, 'Prueba Semana', 'John Jairo', '231', 'Sistemas', '01-07-2016', '06', '00', '07', '00', 0, 1, 2, 'interna', 2779),
(3184, 'Prueba Semana', 'John Jairo', '231', 'Sistemas', '02-07-2016', '06', '00', '07', '00', 0, 1, 2, 'interna', 2779),
(3185, 'Prueba Semana', 'John Jairo', '231', 'Sistemas', '03-07-2016', '06', '00', '07', '00', 0, 1, 2, 'interna', 2779),
(3186, 'Prueba Semana', 'John Jairo', '231', 'Sistemas', '04-07-2016', '06', '00', '07', '00', 0, 1, 2, 'interna', 2779),
(3187, 'Prueba Semana', 'John Jairo', '231', 'Sistemas', '05-07-2016', '06', '00', '07', '00', 0, 1, 2, 'interna', 2779),
(3188, 'Prueba Semana', 'John Jairo', '231', 'Sistemas', '06-07-2016', '06', '00', '07', '00', 0, 1, 2, 'interna', 2779),
(3189, 'Prueba Semana', 'John Jairo', '231', 'Sistemas', '07-07-2016', '06', '00', '07', '00', 0, 1, 2, 'interna', 2779),
(3190, 'Prueba Semana', 'John Jairo', '231', 'Sistemas', '08-07-2016', '06', '00', '07', '00', 0, 1, 2, 'interna', 2779),
(3191, 'Prueba Semana', 'John Jairo', '231', 'Sistemas', '09-07-2016', '06', '00', '07', '00', 0, 1, 2, 'interna', 2779),
(3192, 'Prueba Semana', 'John Jairo', '231', 'Sistemas', '10-07-2016', '06', '00', '07', '00', 0, 1, 2, 'interna', 2779),
(3193, 'Prueba Semana', 'John Jairo', '231', 'Sistemas', '11-07-2016', '06', '00', '07', '00', 0, 1, 2, 'interna', 2779),
(3194, 'Prueba Semana', 'John Jairo', '231', 'Sistemas', '12-07-2016', '06', '00', '07', '00', 0, 1, 2, 'interna', 2779),
(3195, 'Prueba Semana', 'John Jairo', '231', 'Sistemas', '13-07-2016', '06', '00', '07', '00', 0, 1, 2, 'interna', 2779),
(3196, 'Prueba Semana', 'John Jairo', '231', 'Sistemas', '14-07-2016', '06', '00', '07', '00', 0, 1, 2, 'interna', 2779),
(3197, 'Prueba Semana', 'John Jairo', '231', 'Sistemas', '15-07-2016', '06', '00', '07', '00', 0, 1, 2, 'interna', 2779),
(3198, 'Prueba Semana', 'John Jairo', '231', 'Sistemas', '16-07-2016', '06', '00', '07', '00', 0, 1, 2, 'interna', 2779),
(3199, 'Prueba Semana', 'John Jairo', '231', 'Sistemas', '17-07-2016', '06', '00', '07', '00', 0, 1, 2, 'interna', 2779),
(3200, 'Prueba Semana', 'John Jairo', '231', 'Sistemas', '18-07-2016', '06', '00', '07', '00', 0, 1, 2, 'interna', 2779),
(3201, 'Prueba Semana', 'John Jairo', '231', 'Sistemas', '19-07-2016', '06', '00', '07', '00', 0, 1, 2, 'interna', 2779),
(3202, 'Prueba Semana', 'John Jairo', '231', 'Sistemas', '20-07-2016', '06', '00', '07', '00', 0, 1, 2, 'interna', 2779),
(3203, 'Prueba Semana', 'John Jairo', '231', 'Sistemas', '21-07-2016', '06', '00', '07', '00', 0, 1, 2, 'interna', 2779),
(3204, 'Prueba Semana', 'John Jairo', '231', 'Sistemas', '22-07-2016', '06', '00', '07', '00', 0, 1, 2, 'interna', 2779),
(3205, 'Prueba Semana', 'John Jairo', '231', 'Sistemas', '23-07-2016', '06', '00', '07', '00', 0, 1, 2, 'interna', 2779),
(3206, 'Prueba Semana', 'John Jairo', '231', 'Sistemas', '24-07-2016', '06', '00', '07', '00', 0, 1, 2, 'interna', 2779),
(3207, 'Prueba Semana', 'John Jairo', '231', 'Sistemas', '25-07-2016', '06', '00', '07', '00', 0, 1, 2, 'interna', 2779),
(3208, 'Prueba Semana', 'John Jairo', '231', 'Sistemas', '26-07-2016', '06', '00', '07', '00', 0, 1, 2, 'interna', 2779),
(3209, 'Prueba Semana', 'John Jairo', '231', 'Sistemas', '27-07-2016', '06', '00', '07', '00', 0, 1, 2, 'interna', 2779),
(3210, 'Prueba Semana', 'John Jairo', '231', 'Sistemas', '28-07-2016', '06', '00', '07', '00', 0, 1, 2, 'interna', 2779),
(3211, 'Prueba Semana', 'John Jairo', '231', 'Sistemas', '29-07-2016', '06', '00', '07', '00', 0, 1, 2, 'interna', 2779),
(3212, 'Prueba Semana', 'John Jairo', '231', 'Sistemas', '30-07-2016', '06', '00', '07', '00', 0, 1, 2, 'interna', 2779),
(3213, 'Prueba Semana', 'John Jairo', '231', 'Sistemas', '31-07-2016', '06', '00', '07', '00', 0, 1, 2, 'interna', 2779),
(3214, 'Prueba Semana', 'John Jairo', '231', 'Sistemas', '01-08-2016', '06', '00', '07', '00', 0, 1, 2, 'interna', 2779),
(3215, 'Prueba Semana', 'John Jairo', '231', 'Sistemas', '02-08-2016', '06', '00', '07', '00', 0, 1, 2, 'interna', 2779),
(3216, 'Prueba Semana', 'John Jairo', '231', 'Sistemas', '03-08-2016', '06', '00', '07', '00', 0, 1, 2, 'interna', 2779),
(3217, 'Prueba Semana', 'John Jairo', '231', 'Sistemas', '04-08-2016', '06', '00', '07', '00', 0, 1, 2, 'interna', 2779),
(3218, 'Prueba Semana', 'John Jairo', '231', 'Sistemas', '05-08-2016', '06', '00', '07', '00', 0, 1, 2, 'interna', 2779),
(3219, 'Prueba Semana', 'John Jairo', '231', 'Sistemas', '06-08-2016', '06', '00', '07', '00', 0, 1, 2, 'interna', 2779),
(3220, 'Prueba Semana', 'John Jairo', '231', 'Sistemas', '07-08-2016', '06', '00', '07', '00', 0, 1, 2, 'interna', 2779),
(3221, 'Prueba Semana', 'John Jairo', '231', 'Sistemas', '08-08-2016', '06', '00', '07', '00', 0, 1, 2, 'interna', 2779),
(3222, 'Prueba Semana', 'John Jairo', '231', 'Sistemas', '09-08-2016', '06', '00', '07', '00', 0, 1, 2, 'interna', 2779),
(3223, 'Prueba Semana', 'John Jairo', '231', 'Sistemas', '10-08-2016', '06', '00', '07', '00', 0, 1, 2, 'interna', 2779),
(3224, 'Prueba Semana', 'John Jairo', '231', 'Sistemas', '11-08-2016', '06', '00', '07', '00', 0, 1, 2, 'interna', 2779),
(3225, 'Prueba Semana', 'John Jairo', '231', 'Sistemas', '12-08-2016', '06', '00', '07', '00', 0, 1, 2, 'interna', 2779),
(3226, 'Prueba Semana', 'John Jairo', '231', 'Sistemas', '13-08-2016', '06', '00', '07', '00', 0, 1, 2, 'interna', 2779),
(3227, 'Prueba Semana', 'John Jairo', '231', 'Sistemas', '14-08-2016', '06', '00', '07', '00', 0, 1, 2, 'interna', 2779),
(3228, 'Prueba Semana', 'John Jairo', '231', 'Sistemas', '15-08-2016', '06', '00', '07', '00', 0, 1, 2, 'interna', 2779),
(3229, 'Prueba Semana', 'John Jairo', '231', 'Sistemas', '16-08-2016', '06', '00', '07', '00', 0, 1, 2, 'interna', 2779),
(3230, 'Prueba Semana', 'John Jairo', '231', 'Sistemas', '17-08-2016', '06', '00', '07', '00', 0, 1, 2, 'interna', 2779),
(3231, 'Prueba Semana', 'John Jairo', '231', 'Sistemas', '18-08-2016', '06', '00', '07', '00', 0, 1, 2, 'interna', 2779),
(3232, 'Prueba Semana', 'John Jairo', '231', 'Sistemas', '19-08-2016', '06', '00', '07', '00', 0, 1, 2, 'interna', 2779),
(3233, 'Prueba Semana', 'John Jairo', '231', 'Sistemas', '20-08-2016', '06', '00', '07', '00', 0, 1, 2, 'interna', 2779),
(3234, 'Prueba Semana', 'John Jairo', '231', 'Sistemas', '21-08-2016', '06', '00', '07', '00', 0, 1, 2, 'interna', 2779),
(3255, 'John p1', 'Joairo p1', '2545', 'Utpl', '30-01-2014', '06', '00', '08', '00', 0, 1, 1, 'interna', 0),
(3256, 'Prueba mismo', 'john', '34', 'sistemas', '06-02-2014', '06', '00', '07', '00', 0, 1, 1, 'interna', 0),
(3257, 'Prueba mismo', 'joh', '554', 'sss', '06-02-2014', '08', '00', '09', '00', 0, 1, 1, 'interna', 0),
(3258, 'p1', 'john', '87878', 'sis', '08-02-2014', '06', '00', '08', '00', 0, 1, 1, 'interna', 0),
(3259, 'p2', 'john', '2545', 'sis', '08-02-2014', '06', '00', '08', '00', 0, 1, 1, 'interna', 0),
(3260, 'p3', 'john', 'sadsa', 'sda', '06-02-2014', '07', '00', '08', '00', 0, 1, 1, 'interna', 0),
(3261, 'p5', 'jhjh', '2545', 'hjh', '06-02-2014', '10', '00', '11', '00', 0, 1, 1, 'interna', 0),
(3262, 'p1', 'per1', '2545', 'ssi1', '29-01-2014', '06', '00', '07', '00', 0, 1, 2, 'interna', 3262),
(3263, 'p1', 'per1', '2545', 'ssi1', '30-01-2014', '06', '00', '07', '00', 0, 1, 2, 'interna', 3262),
(3264, 'p2', 'drin', '1478', 'ser', '29-01-2014', '06', '00', '07', '00', 0, 1, 1, 'interna', 3264),
(3265, 'Drink me', 'Joairo', '78996', 'res', '29-01-2014', '07', '00', '09', '00', 0, 1, 1, 'interna', 3265);

-- --------------------------------------------------------

--
-- Estructura de tabla para la tabla `salas`
--

CREATE TABLE IF NOT EXISTS `salas` (
  `idSalas` int(11) NOT NULL AUTO_INCREMENT,
  `idEdificio` int(11) NOT NULL,
  `salNombre` varchar(30) COLLATE utf8_bin NOT NULL,
  `salLocalizacion` varchar(30) COLLATE utf8_bin NOT NULL,
  `salCapacidad` int(11) NOT NULL,
  `salDescripcion` text COLLATE utf8_bin NOT NULL,
  PRIMARY KEY (`idSalas`),
  KEY `idEdificio` (`idEdificio`)
) ENGINE=InnoDB  DEFAULT CHARSET=utf8 COLLATE=utf8_bin AUTO_INCREMENT=3 ;

--
-- Volcado de datos para la tabla `salas`
--

INSERT INTO `salas` (`idSalas`, `idEdificio`, `salNombre`, `salLocalizacion`, `salCapacidad`, `salDescripcion`) VALUES
(1, 1, 'Sala A', 'Segundo Piso', 25, 'Proyector'),
(2, 1, 'Sala B', '3 Piso', 25, 'Proyector');

-- --------------------------------------------------------

--
-- Estructura de tabla para la tabla `usuario`
--

CREATE TABLE IF NOT EXISTS `usuario` (
  `idUsuario` int(11) NOT NULL AUTO_INCREMENT,
  `noCedula` varchar(11) COLLATE utf8_bin NOT NULL,
  `usrNombre` varchar(30) COLLATE utf8_bin NOT NULL,
  `usrApellido` varchar(30) COLLATE utf8_bin NOT NULL,
  `usrCorreo` varchar(40) COLLATE utf8_bin NOT NULL,
  `usrContrasena` longtext COLLATE utf8_bin NOT NULL,
  `usrUsuario` varchar(30) COLLATE utf8_bin NOT NULL,
  PRIMARY KEY (`idUsuario`)
) ENGINE=InnoDB  DEFAULT CHARSET=utf8 COLLATE=utf8_bin AUTO_INCREMENT=1106 ;

--
-- Volcado de datos para la tabla `usuario`
--

INSERT INTO `usuario` (`idUsuario`, `noCedula`, `usrNombre`, `usrApellido`, `usrCorreo`, `usrContrasena`, `usrUsuario`) VALUES
(1, '1104892367', 'John', 'Villavicencio', 'jjvillavicencio@utpl.edu.ec', 'e10adc3949ba59abbe56e057f20f883e', 'superAdmin'),
(2, '1104892368', 'John', 'Villavicencio', 'jjj@hhh.com', 'jjonix', 'john'),
(1105, '145245785', 'jairo', 'Villavicencio S', 'sadsa@you.com', '527bd5b5d689e2c32ae974c6229ff785', 'jonixj');

/*!40101 SET CHARACTER_SET_CLIENT=@OLD_CHARACTER_SET_CLIENT */;
/*!40101 SET CHARACTER_SET_RESULTS=@OLD_CHARACTER_SET_RESULTS */;
/*!40101 SET COLLATION_CONNECTION=@OLD_COLLATION_CONNECTION */;
